ID_globale,ID_portale,Portale,Contratto,Quartiere,Indirizzo,Tipo_immobile,Prezzo_EUR,Superficie_mq,Prezzo_vendita_EUR_mq,Canone_affitto_EUR_mq_mese,Locali,Bagni,Piano,Stato,Segmento,Ascensore,Balcone,Terrazzo,Arredato,Cantina,Box_posto_auto,Data_pubblicazione_esatta,Ultimo_aggiornamento,Data_annuncio_visibile_o_proxy,Tipo_data_annuncio,Recenza_portale,Data_rilevazione,Qualita_dato,Nota_data,Classe_energetica,Esito_verifica_energia,Data_verifica_energia
1,1,Idealista,Vendita,Brera,Via Fiori Chiari,Trilocale,950000,100,9500,,3,N/D,T,Ristrutturato,Lusso,Sì,N/D,N/D,N/D,N/D,N/D,N/D,N/D,N/D,N/D,N/D,2026-09-05,Scheda lista / descrizione,Prima pubblicazione non esposta pubblicamente: mantenuta N/D; si conserva l'ultimo aggiornamento o una data/recenza visibile quando disponibile.,E,Classe dichiarata,2026-09-05
2,2,Idealista,Vendita,Brera,Via Pontaccio,Bilocale,670000,30,22333.333333333332,,2,N/D,2,Buono,Lusso,Sì,N/D,N/D,Sì,N/D,N/D,N/D,N/D,N/D,N/D,N/D,2026-09-05,Scheda lista / descrizione,Prima pubblicazione non esposta pubblicamente: mantenuta N/D; si conserva l'ultimo aggiornamento o una data/recenza visibile quando disponibile.,D,Classe dichiarata,2026-09-05
3,3,Idealista,Vendita,Brera,Via dell'Annunciata,Bilocale,1600000,90,17777.777777777777,,2,N/D,1,Ristrutturato,Lusso,Sì,N/D,N/D,Sì,N/D,N/D,N/D,N/D,N/D,N/D,N/D,2026-09-05,Scheda lista / descrizione,Prima pubblicazione non esposta pubblicamente: mantenuta N/D; si conserva l'ultimo aggiornamento o una data/recenza visibile quando disponibile.,F,Classe dichiarata,2026-09-05
4,4,Idealista,Vendita,Brera,Brera (indirizzo non indicato),Bilocale,780000,80,9750,,2,N/D,T,Ristrutturato,Lusso,Sì,N/D,N/D,N/D,N/D,N/D,N/D,N/D,N/D,N/D,N/D,2026-09-05,Scheda lista / descrizione,Prima pubblicazione non esposta pubblicamente: mantenuta N/D; si conserva l'ultimo aggiornamento o una data/recenza visibile quando disponibile.,N/D,Annuncio non identificato con certezza,2026-09-05
5,5,Idealista,Vendita,Brera,Brera (indirizzo non indicato),Bilocale,795000,75,10600,,2,N/D,5,Buono,Lusso,Sì,N/D,N/D,N/D,N/D,N/D,N/D,N/D,N/D,N/D,N/D,2026-09-05,Scheda lista / descrizione,Prima pubblicazione non esposta pubblicamente: mantenuta N/D; si conserva l'ultimo aggiornamento o una data/recenza visibile quando disponibile.,N/D,Annuncio non identificato con certezza,2026-09-05
6,6,Idealista,Vendita,Brera,Via Ponte Vetero 10,Appartamento,2600000,156,16666.666666666668,,5,2,2,Da ristrutturare / personalizzare,Lusso,Sì,Sì,Sì,Parzialmente,Sì,N/D,N/D,N/D,N/D,N/D,N/D,2026-09-05,Scheda lista / descrizione,Prima pubblicazione non esposta pubblicamente: mantenuta N/D; si conserva l'ultimo aggiornamento o una data/recenza visibile quando disponibile.,N/D,Annuncio non identificato con certezza,2026-09-05
7,7,Idealista,Vendita,Brera,Brera (indirizzo non indicato),Quadrilocale,2400000,160,15000,,4,N/D,5,Buono,Lusso,Sì,N/D,N/D,N/D,N/D,N/D,N/D,N/D,N/D,N/D,N/D,2026-09-05,Scheda lista / descrizione,Prima pubblicazione non esposta pubblicamente: mantenuta N/D; si conserva l'ultimo aggiornamento o una data/recenza visibile quando disponibile.,N/D,Annuncio non identificato con certezza,2026-09-05
8,8,Idealista,Vendita,Brera,Via San Carpoforo 6,Monolocale,380000,21,18095.238095238095,,1,N/D,T,Buono,Standard,Sì,No,No,N/D,N/D,N/D,N/D,N/D,N/D,N/D,N/D,2026-09-05,Scheda lista / descrizione,Prima pubblicazione non esposta pubblicamente: mantenuta N/D; si conserva l'ultimo aggiornamento o una data/recenza visibile quando disponibile.,E,Classe dichiarata,2026-09-05
9,9,Idealista,Vendita,Brera,Via San Carpoforo 3,Trilocale,1150000,76,15131.578947368422,,3,N/D,2,Ottimo / ristrutturato,Lusso,Sì,N/D,N/D,N/D,N/D,N/D,N/D,N/D,N/D,N/D,N/D,2026-09-05,Scheda lista / descrizione,Prima pubblicazione non esposta pubblicamente: mantenuta N/D; si conserva l'ultimo aggiornamento o una data/recenza visibile quando disponibile.,N/D,In attesa di certificazione,2026-09-05
10,10,Idealista,Vendita,Brera,Via Mercato,Quadrilocale,3200000,200,16000,,4,N/D,5,Ottimo,Lusso,Sì,N/D,N/D,N/D,N/D,N/D,N/D,N/D,N/D,N/D,N/D,2026-09-05,Scheda lista / descrizione,Prima pubblicazione non esposta pubblicamente: mantenuta N/D; si conserva l'ultimo aggiornamento o una data/recenza visibile quando disponibile.,N/D,Classe non dichiarata nel testo consultato,2026-09-05
11,11,Idealista,Vendita,Brera,Via Giuseppe Sacchi 4,Trilocale,1550000,135,11481.481481481482,,3,N/D,5,Buono,Lusso,No,Sì,No,N/D,N/D,N/D,N/D,N/D,N/D,N/D,N/D,2026-09-05,Scheda lista / descrizione,Prima pubblicazione non esposta pubblicamente: mantenuta N/D; si conserva l'ultimo aggiornamento o una data/recenza visibile quando disponibile.,N/D,Classe non dichiarata nel testo consultato,2026-09-05
12,12,Idealista,Vendita,Brera,Via Monte di Pietà,Bilocale,1897000,92,20619.565217391304,,2,N/D,3,Ottimo,Lusso,Sì,N/D,N/D,N/D,N/D,N/D,N/D,N/D,N/D,N/D,N/D,2026-09-05,Scheda lista / descrizione,Prima pubblicazione non esposta pubblicamente: mantenuta N/D; si conserva l'ultimo aggiornamento o una data/recenza visibile quando disponibile.,N/D,Classe non leggibile nel testo disponibile,2026-09-05
13,13,Idealista,Vendita,Brera,Via Fiori Chiari,Trilocale,2500000,154,16233.766233766233,,3,N/D,2,Buono,Lusso,Sì,Sì,No,N/D,N/D,N/D,N/D,N/D,N/D,N/D,N/D,2026-09-05,Scheda lista / descrizione,Prima pubblicazione non esposta pubblicamente: mantenuta N/D; si conserva l'ultimo aggiornamento o una data/recenza visibile quando disponibile.,F,Classe dichiarata,2026-09-05
14,14,Idealista,Vendita,Brera,Via Fiori Oscuri 11,Bilocale,950000,55,17272.727272727272,,2,N/D,1,Buono,Lusso,Sì,N/D,N/D,N/D,N/D,N/D,N/D,N/D,N/D,N/D,N/D,2026-09-05,Scheda lista / descrizione,Prima pubblicazione non esposta pubblicamente: mantenuta N/D; si conserva l'ultimo aggiornamento o una data/recenza visibile quando disponibile.,F,Classe dichiarata,2026-09-05
15,15,Idealista,Vendita,Isola,Viale Stelvio 53,Quadrilocale,845000,142,5950.704225352113,,4,N/D,2,Buono,Standard,Sì,Sì,Sì,N/D,N/D,N/D,N/D,N/D,N/D,N/D,N/D,2026-09-05,Scheda lista / descrizione,Prima pubblicazione non esposta pubblicamente: mantenuta N/D; si conserva l'ultimo aggiornamento o una data/recenza visibile quando disponibile.,N/D,Annuncio non identificato con certezza,2026-09-05
16,16,Idealista,Vendita,Isola,Via Menabrea 24A,Bilocale,320000,58,5517.241379310345,,2,N/D,4,Ristrutturato,Standard,Sì,N/D,N/D,N/D,N/D,N/D,N/D,N/D,N/D,N/D,N/D,2026-09-05,Scheda lista / descrizione,Prima pubblicazione non esposta pubblicamente: mantenuta N/D; si conserva l'ultimo aggiornamento o una data/recenza visibile quando disponibile.,N/D,Annuncio non identificato con certezza,2026-09-05
17,17,Idealista,Vendita,Isola,Viale Marche,Trilocale,525000,125,4200,,3,N/D,3,Buono,Standard,Sì,Sì,Sì,N/D,N/D,N/D,N/D,N/D,N/D,N/D,N/D,2026-09-05,Scheda lista / descrizione,Prima pubblicazione non esposta pubblicamente: mantenuta N/D; si conserva l'ultimo aggiornamento o una data/recenza visibile quando disponibile.,N/D,Annuncio non identificato con certezza,2026-09-05
18,18,Idealista,Vendita,Isola,Via Ippolito Rosellini 8,Bilocale,510000,58,8793.103448275862,,2,N/D,3,Buono,Standard,Sì,N/D,N/D,N/D,N/D,N/D,N/D,N/D,N/D,N/D,N/D,2026-09-05,Scheda lista / descrizione,Prima pubblicazione non esposta pubblicamente: mantenuta N/D; si conserva l'ultimo aggiornamento o una data/recenza visibile quando disponibile.,C,Classe dichiarata,2026-09-05
19,19,Idealista,Vendita,Isola,Piazzale Carlo Archinto 7,Bilocale,567000,56,10125,,2,N/D,2,Nuovo / recente,Standard,Sì,N/D,N/D,N/D,N/D,N/D,N/D,N/D,N/D,N/D,N/D,2026-09-05,Scheda lista / descrizione,Prima pubblicazione non esposta pubblicamente: mantenuta N/D; si conserva l'ultimo aggiornamento o una data/recenza visibile quando disponibile.,A,Classe dichiarata,2026-09-05
20,20,Idealista,Vendita,Isola,Via Menabrea 24,Monolocale,210000,41,5121.951219512195,,1,N/D,1,Ristrutturato / nuovo,Standard,Sì,N/D,N/D,N/D,N/D,N/D,N/D,N/D,N/D,N/D,N/D,2026-09-05,Scheda lista / descrizione,Prima pubblicazione non esposta pubblicamente: mantenuta N/D; si conserva l'ultimo aggiornamento o una data/recenza visibile quando disponibile.,N/D,Annuncio non identificato con certezza,2026-09-05
21,21,Idealista,Vendita,Isola,Via Carlo Farini 27,Trilocale,470000,90,5222.222222222223,,3,N/D,1,Buono,Standard,Sì,N/D,N/D,N/D,N/D,N/D,N/D,N/D,N/D,N/D,N/D,2026-09-05,Scheda lista / descrizione,Prima pubblicazione non esposta pubblicamente: mantenuta N/D; si conserva l'ultimo aggiornamento o una data/recenza visibile quando disponibile.,D,Classe dichiarata,2026-09-05
22,22,Idealista,Vendita,Isola,Via Pastrengo 4,Monolocale,260000,25,10400,,1,N/D,4,Ristrutturato,Standard,No,No,No,Sì,No,N/D,N/D,N/D,N/D,N/D,N/D,2026-09-05,Scheda lista / descrizione,Prima pubblicazione non esposta pubblicamente: mantenuta N/D; si conserva l'ultimo aggiornamento o una data/recenza visibile quando disponibile.,G,Classe dichiarata,2026-09-05
23,23,Idealista,Vendita,Isola,Isola (indirizzo non indicato),Trilocale,490000,90,5444.444444444444,,3,N/D,4,Da modernizzare,Standard,Sì,N/D,N/D,N/D,N/D,N/D,N/D,N/D,N/D,N/D,N/D,2026-09-05,Scheda lista / descrizione,Prima pubblicazione non esposta pubblicamente: mantenuta N/D; si conserva l'ultimo aggiornamento o una data/recenza visibile quando disponibile.,N/D,Annuncio non identificato con certezza,2026-09-05
24,24,Idealista,Vendita,Isola,Via Pietro Borsieri 27,Trilocale,730000,102,7156.862745098039,,3,N/D,5,Buono,Standard,Sì,N/D,N/D,N/D,N/D,N/D,N/D,N/D,N/D,N/D,N/D,2026-09-05,Scheda lista / descrizione,Prima pubblicazione non esposta pubblicamente: mantenuta N/D; si conserva l'ultimo aggiornamento o una data/recenza visibile quando disponibile.,N/D,Annuncio non identificato con certezza,2026-09-05
25,25,Idealista,Vendita,Isola,Via Carlo Farini 81,Bilocale,265000,55,4818.181818181818,,2,N/D,2,Buono,Standard,Sì,N/D,N/D,N/D,N/D,N/D,N/D,N/D,N/D,N/D,N/D,2026-09-05,Scheda lista / descrizione,Prima pubblicazione non esposta pubblicamente: mantenuta N/D; si conserva l'ultimo aggiornamento o una data/recenza visibile quando disponibile.,E,Classe dichiarata,2026-09-05
26,26,Idealista,Vendita,Isola,Via Cola Montano 6,Bilocale,375000,65,5769.2307692307695,,2,N/D,2,Buono,Standard,Sì,Sì,No,N/D,Sì,N/D,N/D,N/D,N/D,N/D,N/D,2026-09-05,Scheda lista / descrizione,Prima pubblicazione non esposta pubblicamente: mantenuta N/D; si conserva l'ultimo aggiornamento o una data/recenza visibile quando disponibile.,E,Classe dichiarata,2026-09-05
27,27,Idealista,Vendita,Isola,Via Francesco Arese,Bilocale,385000,68,5661.764705882353,,2,N/D,4,Buono,Standard,Sì,Sì,No,N/D,N/D,N/D,N/D,N/D,N/D,N/D,N/D,2026-09-05,Scheda lista / descrizione,Prima pubblicazione non esposta pubblicamente: mantenuta N/D; si conserva l'ultimo aggiornamento o una data/recenza visibile quando disponibile.,N/D,Annuncio non identificato con certezza,2026-09-05
28,28,Idealista,Vendita,Isola,Via Ercole Oldofredi,Trilocale,495000,96,5156.25,,3,N/D,2,Buono,Standard,Sì,N/D,N/D,N/D,N/D,N/D,N/D,N/D,N/D,N/D,N/D,2026-09-05,Scheda lista / descrizione,Prima pubblicazione non esposta pubblicamente: mantenuta N/D; si conserva l'ultimo aggiornamento o una data/recenza visibile quando disponibile.,D,Classe dichiarata,2026-09-05
29,29,Idealista,Vendita,Porta Venezia,Via Lazzaro Palazzi,Trilocale,620000,84,7380.952380952381,,3,N/D,2,Buono,Standard,Sì,Sì,No,N/D,Sì,N/D,N/D,N/D,N/D,N/D,N/D,2026-09-05,Scheda lista / descrizione,Prima pubblicazione non esposta pubblicamente: mantenuta N/D; si conserva l'ultimo aggiornamento o una data/recenza visibile quando disponibile.,N/D,Annuncio non identificato con certezza,2026-09-05
30,30,Idealista,Vendita,Porta Venezia,Via Lambro 11,Trilocale,590000,90,6555.555555555556,,3,N/D,1,Buono,Standard,No,N/D,N/D,N/D,N/D,N/D,N/D,N/D,N/D,N/D,N/D,2026-09-05,Scheda lista / descrizione,Prima pubblicazione non esposta pubblicamente: mantenuta N/D; si conserva l'ultimo aggiornamento o una data/recenza visibile quando disponibile.,N/D,Annuncio non identificato con certezza,2026-09-05
31,31,Idealista,Vendita,Porta Venezia,Viale Vittorio Veneto 14,Bilocale,400000,49,8163.265306122449,,2,N/D,2,Ristrutturato,Standard,Sì,N/D,N/D,N/D,N/D,N/D,N/D,N/D,N/D,N/D,N/D,2026-09-05,Scheda lista / descrizione,Prima pubblicazione non esposta pubblicamente: mantenuta N/D; si conserva l'ultimo aggiornamento o una data/recenza visibile quando disponibile.,N/D,Annuncio non identificato con certezza,2026-09-05
32,32,Idealista,Vendita,Porta Venezia,Piazza Oberdan,Bilocale,728000,90,8088.888888888889,,2,N/D,5,Ristrutturato,Lusso,Sì,N/D,N/D,N/D,N/D,N/D,N/D,N/D,N/D,N/D,N/D,2026-09-05,Scheda lista / descrizione,Prima pubblicazione non esposta pubblicamente: mantenuta N/D; si conserva l'ultimo aggiornamento o una data/recenza visibile quando disponibile.,N/D,Annuncio non identificato con certezza,2026-09-05
33,33,Idealista,Vendita,Porta Venezia,Viale Regina Giovanna,Quadrilocale,1190000,145,8206.896551724138,,4,N/D,5,Buono,Lusso,Sì,N/D,N/D,N/D,N/D,N/D,N/D,N/D,N/D,N/D,N/D,2026-09-05,Scheda lista / descrizione,Prima pubblicazione non esposta pubblicamente: mantenuta N/D; si conserva l'ultimo aggiornamento o una data/recenza visibile quando disponibile.,N/D,Annuncio non identificato con certezza,2026-09-05
34,34,Idealista,Vendita,Porta Venezia,Piazza Oberdan,Bilocale,245000,43,5697.674418604651,,2,N/D,1,Da ristrutturare,Standard,Sì,N/D,N/D,N/D,N/D,N/D,N/D,N/D,N/D,N/D,N/D,2026-09-05,Scheda lista / descrizione,Prima pubblicazione non esposta pubblicamente: mantenuta N/D; si conserva l'ultimo aggiornamento o una data/recenza visibile quando disponibile.,N/D,Annuncio non identificato con certezza,2026-09-05
35,35,Idealista,Vendita,Porta Venezia,Piazza Oberdan,Trilocale,428000,60,7133.333333333333,,3,N/D,4,Ristrutturato,Standard,Sì,N/D,N/D,N/D,N/D,N/D,N/D,N/D,N/D,N/D,N/D,2026-09-05,Scheda lista / descrizione,Prima pubblicazione non esposta pubblicamente: mantenuta N/D; si conserva l'ultimo aggiornamento o una data/recenza visibile quando disponibile.,N/D,Annuncio non identificato con certezza,2026-09-05
36,36,Idealista,Vendita,Porta Venezia,Viale Vittorio Veneto 24,Bilocale,598000,90,6644.444444444444,,2,N/D,5,Da personalizzare,Standard,Sì,N/D,N/D,N/D,N/D,N/D,N/D,N/D,N/D,N/D,N/D,2026-09-05,Scheda lista / descrizione,Prima pubblicazione non esposta pubblicamente: mantenuta N/D; si conserva l'ultimo aggiornamento o una data/recenza visibile quando disponibile.,N/D,Annuncio non identificato con certezza,2026-09-05
37,37,Idealista,Vendita,Porta Venezia,Viale Tunisia 27,Bilocale,445000,59,7542.372881355932,,2,N/D,1,Nuovo / mai abitato,Standard,Sì,N/D,N/D,N/D,N/D,N/D,N/D,N/D,N/D,N/D,N/D,2026-09-05,Scheda lista / descrizione,Prima pubblicazione non esposta pubblicamente: mantenuta N/D; si conserva l'ultimo aggiornamento o una data/recenza visibile quando disponibile.,N/D,Annuncio non identificato con certezza,2026-09-05
38,38,Idealista,Vendita,Porta Venezia,Via Degli Scipioni 1,Quadrilocale,920000,132,6969.69696969697,,4,N/D,R,Ristrutturato,Lusso,Sì,N/D,N/D,N/D,N/D,N/D,N/D,N/D,N/D,N/D,N/D,2026-09-05,Scheda lista / descrizione,Prima pubblicazione non esposta pubblicamente: mantenuta N/D; si conserva l'ultimo aggiornamento o una data/recenza visibile quando disponibile.,N/D,Annuncio non identificato con certezza,2026-09-05
39,39,Idealista,Vendita,Porta Venezia,Piazza della Repubblica,Quadrilocale,2200000,191,11518.324607329843,,4,N/D,19,Ristrutturato,Lusso,Sì,N/D,N/D,N/D,N/D,N/D,N/D,N/D,N/D,N/D,N/D,2026-09-05,Scheda lista / descrizione,Prima pubblicazione non esposta pubblicamente: mantenuta N/D; si conserva l'ultimo aggiornamento o una data/recenza visibile quando disponibile.,N/D,Classe non leggibile nel testo disponibile,2026-09-05
40,40,Idealista,Vendita,Porta Venezia,Viale Abruzzi,Monolocale,250000,40,6250,,1,N/D,R,Ristrutturato,Standard,Sì,N/D,N/D,Sì,N/D,N/D,N/D,N/D,N/D,N/D,N/D,2026-09-05,Scheda lista / descrizione,Prima pubblicazione non esposta pubblicamente: mantenuta N/D; si conserva l'ultimo aggiornamento o una data/recenza visibile quando disponibile.,N/D,Classe non leggibile nel testo disponibile,2026-09-05
41,41,Idealista,Vendita,Città Studi,Via Clericetti 36,Quadrilocale,740000,146,5068.493150684932,,4,N/D,2,Buono,Standard,Sì,N/D,N/D,N/D,N/D,N/D,N/D,N/D,N/D,N/D,N/D,2026-09-05,Scheda lista / descrizione,Prima pubblicazione non esposta pubblicamente: mantenuta N/D; si conserva l'ultimo aggiornamento o una data/recenza visibile quando disponibile.,N/D,Annuncio non identificato con certezza,2026-09-05
42,42,Idealista,Vendita,Città Studi,Via Strambio 4,Bilocale,395000,55,7181.818181818182,,2,N/D,3,Buono,Standard,Sì,N/D,N/D,N/D,N/D,N/D,N/D,N/D,N/D,N/D,N/D,2026-09-05,Scheda lista / descrizione,Prima pubblicazione non esposta pubblicamente: mantenuta N/D; si conserva l'ultimo aggiornamento o una data/recenza visibile quando disponibile.,N/D,Annuncio non identificato con certezza,2026-09-05
43,43,Idealista,Vendita,Città Studi,Via Moretto da Brescia 19,Bilocale,369000,65,5676.923076923077,,2,N/D,T,Ristrutturato,Standard,Sì,No,No,Sì,N/D,N/D,N/D,N/D,N/D,N/D,N/D,2026-09-05,Scheda lista / descrizione,Prima pubblicazione non esposta pubblicamente: mantenuta N/D; si conserva l'ultimo aggiornamento o una data/recenza visibile quando disponibile.,N/D,Annuncio non identificato con certezza,2026-09-05
44,44,Idealista,Vendita,Città Studi,Via Clericetti 38,Bilocale,199000,40,4975,,2,N/D,S,Ristrutturato,Standard,No,No,No,Sì,N/D,N/D,N/D,N/D,N/D,N/D,N/D,2026-09-05,Scheda lista / descrizione,Prima pubblicazione non esposta pubblicamente: mantenuta N/D; si conserva l'ultimo aggiornamento o una data/recenza visibile quando disponibile.,N/D,Annuncio non identificato con certezza,2026-09-05
45,45,Idealista,Vendita,Città Studi,Via Temistocle Calzecchi 6,Trilocale,350000,60,5833.333333333333,,3,N/D,1,Ristrutturato,Standard,Sì,N/D,N/D,N/D,N/D,N/D,N/D,N/D,N/D,N/D,N/D,2026-09-05,Scheda lista / descrizione,Prima pubblicazione non esposta pubblicamente: mantenuta N/D; si conserva l'ultimo aggiornamento o una data/recenza visibile quando disponibile.,N/D,Annuncio non identificato con certezza,2026-09-05
46,46,Idealista,Vendita,Città Studi,Via Sangallo 39,Trilocale,470000,85,5529.411764705882,,3,N/D,T,Nuovo,Standard,No,N/D,N/D,N/D,N/D,N/D,N/D,N/D,N/D,N/D,N/D,2026-09-05,Scheda lista / descrizione,Prima pubblicazione non esposta pubblicamente: mantenuta N/D; si conserva l'ultimo aggiornamento o una data/recenza visibile quando disponibile.,N/D,Classe non dichiarata nel testo consultato,2026-09-05
47,47,Idealista,Vendita,Città Studi,Via Sangallo 39,Bilocale,468000,72,6500,,2,N/D,T,Nuovo,Standard,No,N/D,N/D,N/D,N/D,N/D,N/D,N/D,N/D,N/D,N/D,2026-09-05,Scheda lista / descrizione,Prima pubblicazione non esposta pubblicamente: mantenuta N/D; si conserva l'ultimo aggiornamento o una data/recenza visibile quando disponibile.,A,Classe dichiarata,2026-09-05
48,48,Idealista,Vendita,Città Studi,Via Filippo Tajani 3,Monolocale,199000,28,7107.142857142857,,1,N/D,2,Ristrutturato,Standard,Sì,N/D,N/D,N/D,N/D,N/D,N/D,N/D,N/D,N/D,N/D,2026-09-05,Scheda lista / descrizione,Prima pubblicazione non esposta pubblicamente: mantenuta N/D; si conserva l'ultimo aggiornamento o una data/recenza visibile quando disponibile.,N/D,Classe non leggibile nel testo disponibile,2026-09-05
49,49,Idealista,Vendita,Città Studi,Via Valvassori Peroni 41,Quadrilocale,475000,104,4567.307692307692,,4,N/D,1,Da personalizzare,Standard,Sì,N/D,N/D,N/D,N/D,N/D,N/D,N/D,N/D,N/D,N/D,2026-09-05,Scheda lista / descrizione,Prima pubblicazione non esposta pubblicamente: mantenuta N/D; si conserva l'ultimo aggiornamento o una data/recenza visibile quando disponibile.,N/D,Annuncio non identificato con certezza,2026-09-05
50,50,Idealista,Vendita,Città Studi,Via Averardo Buschi 37,Trilocale,445000,85,5235.294117647059,,3,N/D,2,Ristrutturato / buono,Standard,No,N/D,N/D,N/D,N/D,N/D,N/D,N/D,N/D,N/D,N/D,2026-09-05,Scheda lista / descrizione,Prima pubblicazione non esposta pubblicamente: mantenuta N/D; si conserva l'ultimo aggiornamento o una data/recenza visibile quando disponibile.,N/D,Annuncio non identificato con certezza,2026-09-05
51,51,Idealista,Vendita,Città Studi,Via Temistocle Calzecchi 6,Trilocale,495000,95,5210.526315789473,,3,N/D,8,Buono,Standard,Sì,N/D,N/D,N/D,N/D,N/D,N/D,N/D,N/D,N/D,N/D,2026-09-05,Scheda lista / descrizione,Prima pubblicazione non esposta pubblicamente: mantenuta N/D; si conserva l'ultimo aggiornamento o una data/recenza visibile quando disponibile.,N/D,Annuncio non identificato con certezza,2026-09-05
52,52,Idealista,Vendita,Città Studi,Piazza Leonardo da Vinci 8 - B,Bilocale,349000,45,7755.555555555556,,2,N/D,1,Ristrutturato,Standard,Sì,No,No,Sì,N/D,N/D,N/D,N/D,N/D,N/D,N/D,2026-09-05,Scheda lista / descrizione,Prima pubblicazione non esposta pubblicamente: mantenuta N/D; si conserva l'ultimo aggiornamento o una data/recenza visibile quando disponibile.,D,Classe dichiarata,2026-09-05
53,53,Idealista,Vendita,Città Studi,Piazza Leonardo da Vinci 8 - A,Bilocale,339000,45,7533.333333333333,,2,N/D,1,Ristrutturato,Standard,Sì,No,No,Sì,N/D,N/D,N/D,N/D,N/D,N/D,N/D,2026-09-05,Scheda lista / descrizione,Prima pubblicazione non esposta pubblicamente: mantenuta N/D; si conserva l'ultimo aggiornamento o una data/recenza visibile quando disponibile.,D,Classe dichiarata,2026-09-05
54,54,Idealista,Vendita,Città Studi,Via Averardo Buschi 23,Bilocale,533000,70,7614.285714285715,,2,N/D,2,Ristrutturato,Standard,Sì,N/D,N/D,N/D,N/D,N/D,N/D,N/D,N/D,N/D,N/D,2026-09-05,Scheda lista / descrizione,Prima pubblicazione non esposta pubblicamente: mantenuta N/D; si conserva l'ultimo aggiornamento o una data/recenza visibile quando disponibile.,N/D,Classe non leggibile nel testo disponibile,2026-09-05
55,55,Idealista,Vendita,Città Studi,Via Vigilio Inama 9,Trilocale,619000,114,5429.824561403509,,3,N/D,T,Ristrutturato,Standard,Sì,N/D,N/D,N/D,N/D,N/D,N/D,N/D,N/D,N/D,N/D,2026-09-05,Scheda lista / descrizione,Prima pubblicazione non esposta pubblicamente: mantenuta N/D; si conserva l'ultimo aggiornamento o una data/recenza visibile quando disponibile.,N/D,Annuncio non identificato con certezza,2026-09-05
56,56,Idealista,Vendita,Porta Romana,Viale Isonzo 27,Trilocale,595000,77,7727.272727272727,,3,N/D,1,Buono,Standard,Sì,N/D,N/D,N/D,N/D,N/D,N/D,N/D,N/D,N/D,N/D,2026-09-05,Scheda lista / descrizione,Prima pubblicazione non esposta pubblicamente: mantenuta N/D; si conserva l'ultimo aggiornamento o una data/recenza visibile quando disponibile.,N/D,Classe non dichiarata nel testo consultato,2026-09-05
57,57,Idealista,Vendita,Porta Romana,Viale Umbria 27,Trilocale,307000,65,4723.076923076923,,3,N/D,T,Da personalizzare,Standard,Sì,N/D,N/D,N/D,N/D,N/D,N/D,N/D,N/D,N/D,N/D,2026-09-05,Scheda lista / descrizione,Prima pubblicazione non esposta pubblicamente: mantenuta N/D; si conserva l'ultimo aggiornamento o una data/recenza visibile quando disponibile.,N/D,Annuncio non identificato con certezza,2026-09-05
58,58,Idealista,Vendita,Porta Romana,Viale Umbria 27,Bilocale,208000,45,4622.222222222223,,2,N/D,T,Da personalizzare,Standard,Sì,N/D,N/D,N/D,N/D,N/D,N/D,N/D,N/D,N/D,N/D,2026-09-05,Scheda lista / descrizione,Prima pubblicazione non esposta pubblicamente: mantenuta N/D; si conserva l'ultimo aggiornamento o una data/recenza visibile quando disponibile.,E,Classe dichiarata,2026-09-05
59,59,Idealista,Vendita,Porta Romana,Via Contardo Ferrini 3,Trilocale,810000,111,7297.2972972972975,,3,N/D,2,Nuovo / progetto ristrutturazione,Lusso,Sì,N/D,N/D,N/D,N/D,N/D,N/D,N/D,N/D,N/D,N/D,2026-09-05,Scheda lista / descrizione,Prima pubblicazione non esposta pubblicamente: mantenuta N/D; si conserva l'ultimo aggiornamento o una data/recenza visibile quando disponibile.,N/D,Annuncio non identificato con certezza,2026-09-05
60,60,Idealista,Vendita,Porta Romana,Viale Isonzo 24,Trilocale,575000,86,6686.046511627907,,3,N/D,1,Buono,Standard,Sì,N/D,Sì,N/D,N/D,N/D,N/D,N/D,N/D,N/D,N/D,2026-09-05,Scheda lista / descrizione,Prima pubblicazione non esposta pubblicamente: mantenuta N/D; si conserva l'ultimo aggiornamento o una data/recenza visibile quando disponibile.,N/D,Annuncio non identificato con certezza,2026-09-05
61,61,Idealista,Vendita,Porta Romana,Via Friuli,Trilocale,560000,87,6436.781609195402,,3,N/D,5,Buono,Standard,Sì,N/D,N/D,N/D,N/D,N/D,N/D,N/D,N/D,N/D,N/D,2026-09-05,Scheda lista / descrizione,Prima pubblicazione non esposta pubblicamente: mantenuta N/D; si conserva l'ultimo aggiornamento o una data/recenza visibile quando disponibile.,N/D,Annuncio non identificato con certezza,2026-09-05
62,62,Idealista,Vendita,Porta Romana,Piazzale Medaglie d'Oro,Monolocale,190000,20,9500,,1,N/D,1,Ristrutturato,Standard,Sì,No,No,Sì,N/D,N/D,N/D,N/D,N/D,N/D,N/D,2026-09-05,Scheda lista / descrizione,Prima pubblicazione non esposta pubblicamente: mantenuta N/D; si conserva l'ultimo aggiornamento o una data/recenza visibile quando disponibile.,N/D,Annuncio non identificato con certezza,2026-09-05
63,63,Idealista,Vendita,Porta Romana,Viale Isonzo 8,Bilocale,395000,55,7181.818181818182,,2,N/D,6,Ristrutturato,Standard,Sì,Sì,No,Sì,N/D,N/D,N/D,N/D,N/D,N/D,N/D,2026-09-05,Scheda lista / descrizione,Prima pubblicazione non esposta pubblicamente: mantenuta N/D; si conserva l'ultimo aggiornamento o una data/recenza visibile quando disponibile.,D,Classe dichiarata,2026-09-05
64,64,Idealista,Vendita,Porta Romana,Corso Lodi 12,Monolocale,219000,32,6843.75,,1,N/D,2,Buono,Standard,No,N/D,N/D,N/D,N/D,N/D,N/D,N/D,N/D,N/D,N/D,2026-09-05,Scheda lista / descrizione,Prima pubblicazione non esposta pubblicamente: mantenuta N/D; si conserva l'ultimo aggiornamento o una data/recenza visibile quando disponibile.,N/D,Annuncio non identificato con certezza,2026-09-05
65,65,Idealista,Vendita,Porta Romana,Via Friuli,Quadrilocale,649000,102,6362.745098039216,,4,N/D,4,Buono,Standard,No,N/D,N/D,N/D,N/D,N/D,N/D,N/D,N/D,N/D,N/D,2026-09-05,Scheda lista / descrizione,Prima pubblicazione non esposta pubblicamente: mantenuta N/D; si conserva l'ultimo aggiornamento o una data/recenza visibile quando disponibile.,N/D,Classe non leggibile nel testo disponibile,2026-09-05
66,66,Idealista,Vendita,Porta Romana,Porta Romana (indirizzo non indicato),Quadrilocale,2190000,220,9954.545454545454,,4,N/D,4,Pronto da abitare / lusso,Lusso,Sì,N/D,N/D,N/D,N/D,N/D,N/D,N/D,N/D,N/D,N/D,2026-09-05,Scheda lista / descrizione,Prima pubblicazione non esposta pubblicamente: mantenuta N/D; si conserva l'ultimo aggiornamento o una data/recenza visibile quando disponibile.,N/D,Annuncio non identificato con certezza,2026-09-05
67,67,Idealista,Vendita,Porta Romana,Via Lodovico Muratori 29,Quadrilocale,1350000,189,7142.857142857143,,4,N/D,2,Buono,Lusso,Sì,N/D,N/D,N/D,N/D,N/D,N/D,2026-09-01,N/D,Ultimo aggiornamento esposto,N/D,2026-09-05,Scheda lista / descrizione,Prima pubblicazione non esposta pubblicamente: mantenuta N/D; si conserva l'ultimo aggiornamento o una data/recenza visibile quando disponibile.,F,Classe dichiarata,2026-09-05
68,68,Idealista,Vendita,Porta Romana,Corso Lodi 34,Trilocale,619000,95,6515.789473684211,,3,N/D,3,Buono,Standard,Sì,N/D,N/D,N/D,N/D,N/D,N/D,2026-09-04,N/D,Ultimo aggiornamento esposto,N/D,2026-09-05,Scheda lista / descrizione,Prima pubblicazione non esposta pubblicamente: mantenuta N/D; si conserva l'ultimo aggiornamento o una data/recenza visibile quando disponibile.,N/D,Classe non dichiarata nel testo consultato,2026-09-05
69,69,Idealista,Vendita,Porta Romana,Viale Cirene,Quadrilocale,790000,118,6694.9152542372885,,4,N/D,1,Da ristrutturare,Standard,Sì,N/D,N/D,N/D,N/D,N/D,N/D,2026-09-01,N/D,Ultimo aggiornamento esposto,N/D,2026-09-05,Scheda lista / descrizione,Prima pubblicazione non esposta pubblicamente: mantenuta N/D; si conserva l'ultimo aggiornamento o una data/recenza visibile quando disponibile.,F,Classe dichiarata,2026-09-05
70,70,Idealista,Vendita,Porta Romana,Via Giorgio Vasari,Attico,2490000,370,6729.72972972973,,6,N/D,8,Ottimo / lusso,Lusso,Sì,N/D,Sì,N/D,N/D,N/D,N/D,2026-06-05,N/D,Ultimo aggiornamento esposto,N/D,2026-09-05,Scheda lista / descrizione,Prima pubblicazione non esposta pubblicamente: mantenuta N/D; si conserva l'ultimo aggiornamento o una data/recenza visibile quando disponibile.,N/D,Annuncio non identificato con certezza,2026-09-05
71,71,Idealista,Affitto,Brera,Via Alessandro Manzoni 25,Bilocale,11550,110,,105,2,N/D,3,Ottimo / lusso,Lusso,Sì,N/D,N/D,Sì,N/D,N/D,N/D,N/D,2026-09-05,Recenza <24h,11 ore,2026-09-05,Scheda lista / recenza,Prima pubblicazione non esposta pubblicamente: mantenuta N/D; si conserva l'ultimo aggiornamento o una data/recenza visibile quando disponibile.,G,Classe dichiarata,2026-09-05
72,72,Idealista,Affitto,Brera,Via Arco 1,Bilocale,3000,80,,37.5,2,N/D,4,Ottimo,Lusso,Sì,N/D,N/D,Sì,N/D,N/D,N/D,N/D,N/D,N/D,N/D,2026-09-05,Scheda lista / recenza,Prima pubblicazione non esposta pubblicamente: mantenuta N/D; si conserva l'ultimo aggiornamento o una data/recenza visibile quando disponibile.,C,Classe dichiarata,2026-09-05
73,73,Idealista,Affitto,Brera,Via Brera 17,Quadrilocale,6850,155,,44.193548387096776,4,N/D,1,Ottimo,Lusso,Sì,N/D,N/D,Sì,N/D,N/D,N/D,N/D,2026-09-05,Recenza <24h,13 ore,2026-09-05,Scheda lista / recenza,Prima pubblicazione non esposta pubblicamente: mantenuta N/D; si conserva l'ultimo aggiornamento o una data/recenza visibile quando disponibile.,N/D,Annuncio non identificato con certezza,2026-09-05
74,74,Idealista,Affitto,Brera,Via Arco s.n.c.,Trilocale,3000,67,,44.776119402985074,3,N/D,6,Ottimo,Lusso,Sì,N/D,N/D,Sì,N/D,N/D,N/D,N/D,N/D,N/D,N/D,2026-09-05,Scheda lista / recenza,Prima pubblicazione non esposta pubblicamente: mantenuta N/D; si conserva l'ultimo aggiornamento o una data/recenza visibile quando disponibile.,N/D,Annuncio non identificato con certezza,2026-09-05
75,75,Idealista,Affitto,Brera,Via Pontaccio 23,Bilocale,5499,70,,78.55714285714286,2,N/D,3,Ottimo,Lusso,No,N/D,N/D,Sì,N/D,N/D,N/D,N/D,2026-09-05,Recenza <24h,13 ore,2026-09-05,Scheda lista / recenza,Prima pubblicazione non esposta pubblicamente: mantenuta N/D; si conserva l'ultimo aggiornamento o una data/recenza visibile quando disponibile.,N/D,Annuncio non identificato con certezza,2026-09-05
76,76,Idealista,Affitto,Brera,Via Fiori Chiari 34,Bilocale,2571,45,,57.13333333333333,2,N/D,N/D,Ristrutturato,Lusso,Sì,N/D,N/D,Sì,N/D,N/D,N/D,N/D,2026-09-05,Recenza <24h,15 ore,2026-09-05,Scheda lista / recenza,Prima pubblicazione non esposta pubblicamente: mantenuta N/D; si conserva l'ultimo aggiornamento o una data/recenza visibile quando disponibile.,N/D,Annuncio non identificato con certezza,2026-09-05
77,77,Idealista,Affitto,Brera,Via dell'Orso,Monolocale,2675,52,,51.44230769230769,1,N/D,2,Ottimo,Lusso,Sì,N/D,N/D,Sì,N/D,N/D,N/D,N/D,N/D,N/D,N/D,2026-09-05,Scheda lista / recenza,Prima pubblicazione non esposta pubblicamente: mantenuta N/D; si conserva l'ultimo aggiornamento o una data/recenza visibile quando disponibile.,N/D,Classe non leggibile nel testo disponibile,2026-09-05
78,78,Idealista,Affitto,Brera,Vicolo Fiori 2,Bilocale,3300,50,,66,2,N/D,3,Ottimo,Lusso,Sì,N/D,N/D,Sì,N/D,N/D,N/D,N/D,2026-09-03,Data visibile in lista,03 set,2026-09-05,Scheda lista / recenza,Prima pubblicazione non esposta pubblicamente: mantenuta N/D; si conserva l'ultimo aggiornamento o una data/recenza visibile quando disponibile.,N/D,Annuncio non identificato con certezza,2026-09-05
79,79,Idealista,Affitto,Brera,Via Alessandro Manzoni 25,Bilocale,11550,73,,158.21917808219177,2,N/D,5,Ottimo / lusso,Lusso,Sì,N/D,N/D,Sì,N/D,N/D,N/D,N/D,2026-09-03,Data visibile in lista,03 set,2026-09-05,Scheda lista / recenza,Prima pubblicazione non esposta pubblicamente: mantenuta N/D; si conserva l'ultimo aggiornamento o una data/recenza visibile quando disponibile.,N/D,Annuncio non identificato con certezza,2026-09-05
80,80,Idealista,Affitto,Brera,Via dell'Annunciata 27,Quadrilocale,3916,137,,28.583941605839417,4,N/D,3,Ristrutturato,Lusso,Sì,N/D,N/D,Parzialmente,N/D,N/D,N/D,N/D,N/D,N/D,N/D,2026-09-05,Scheda lista / recenza,Prima pubblicazione non esposta pubblicamente: mantenuta N/D; si conserva l'ultimo aggiornamento o una data/recenza visibile quando disponibile.,N/D,Annuncio non identificato con certezza,2026-09-05
81,81,Idealista,Affitto,Porta Romana,Viale Monte Nero 33,Bilocale,950,37,,25.675675675675677,2,N/D,3,Buono,Standard,Sì,N/D,N/D,Sì,N/D,N/D,N/D,N/D,2026-09-05,Recenza <24h,2 ore,2026-09-05,Scheda lista / recenza,Prima pubblicazione non esposta pubblicamente: mantenuta N/D; si conserva l'ultimo aggiornamento o una data/recenza visibile quando disponibile.,N/D,Annuncio non identificato con certezza,2026-09-05
82,82,Idealista,Affitto,Porta Romana,Via Gerolamo Tiraboschi 8,Bilocale,1300,50,,26,2,N/D,7,Ristrutturato,Standard,Sì,N/D,N/D,Sì,N/D,N/D,N/D,N/D,N/D,N/D,N/D,2026-09-05,Scheda lista / recenza,Prima pubblicazione non esposta pubblicamente: mantenuta N/D; si conserva l'ultimo aggiornamento o una data/recenza visibile quando disponibile.,G,Classe dichiarata,2026-09-05
83,83,Idealista,Affitto,Porta Romana,Via Atto Vannucci 5,Bilocale,1500,55,,27.272727272727273,2,N/D,3,Ristrutturato,Standard,Sì,N/D,N/D,Sì,N/D,N/D,N/D,N/D,2026-09-05,Recenza <24h,2 ore,2026-09-05,Scheda lista / recenza,Prima pubblicazione non esposta pubblicamente: mantenuta N/D; si conserva l'ultimo aggiornamento o una data/recenza visibile quando disponibile.,N/D,Annuncio non identificato con certezza,2026-09-05
84,84,Idealista,Affitto,Porta Romana,Via Atto Vannucci 9,Trilocale,2000,75,,26.666666666666668,3,N/D,2,Ristrutturato,Standard,Sì,N/D,N/D,Sì,N/D,N/D,N/D,N/D,N/D,N/D,N/D,2026-09-05,Scheda lista / recenza,Prima pubblicazione non esposta pubblicamente: mantenuta N/D; si conserva l'ultimo aggiornamento o una data/recenza visibile quando disponibile.,D,Classe dichiarata,2026-09-05
85,85,Idealista,Affitto,Porta Romana,Via Lodovico Muratori 46,Trilocale,2500,65,,38.46153846153846,3,N/D,N/D,Buono,Standard,No,N/D,N/D,N/D,N/D,N/D,N/D,N/D,2026-09-05,Recenza <24h,5 ore,2026-09-05,Scheda lista / recenza,Prima pubblicazione non esposta pubblicamente: mantenuta N/D; si conserva l'ultimo aggiornamento o una data/recenza visibile quando disponibile.,N/D,Annuncio non identificato con certezza,2026-09-05
86,86,Idealista,Affitto,Porta Romana,Via Lodovico Muratori 3,Bilocale,2400,58,,41.37931034482759,2,N/D,3,Buono,Standard,Sì,N/D,N/D,N/D,N/D,N/D,N/D,N/D,N/D,N/D,N/D,2026-09-05,Scheda lista / recenza,Prima pubblicazione non esposta pubblicamente: mantenuta N/D; si conserva l'ultimo aggiornamento o una data/recenza visibile quando disponibile.,N/D,Annuncio non identificato con certezza,2026-09-05
87,87,Idealista,Affitto,Porta Romana,Viale Cirene 20,Quadrilocale,4000,153,,26.143790849673202,4,N/D,8,Ottimo / lusso,Lusso,Sì,N/D,N/D,Sì,N/D,N/D,N/D,N/D,N/D,N/D,N/D,2026-09-05,Scheda lista / recenza,Prima pubblicazione non esposta pubblicamente: mantenuta N/D; si conserva l'ultimo aggiornamento o una data/recenza visibile quando disponibile.,E,Classe dichiarata,2026-09-05
88,88,Idealista,Affitto,Porta Romana,Viale Sabotino s.n.c.,Quadrilocale,2500,120,,20.833333333333332,4,N/D,2,Buono,Standard,Sì,N/D,N/D,Sì,N/D,N/D,N/D,N/D,N/D,N/D,N/D,2026-09-05,Scheda lista / recenza,Prima pubblicazione non esposta pubblicamente: mantenuta N/D; si conserva l'ultimo aggiornamento o una data/recenza visibile quando disponibile.,N/D,Classe non leggibile nel testo disponibile,2026-09-05
89,89,Idealista,Affitto,Porta Romana,Via Giorgio Vasari,Bilocale,3000,103,,29.12621359223301,2,N/D,5,Ottimo / lusso,Lusso,Sì,N/D,Sì,N/D,N/D,N/D,N/D,N/D,2026-09-05,Recenza <24h,5 ore,2026-09-05,Scheda lista / recenza,Prima pubblicazione non esposta pubblicamente: mantenuta N/D; si conserva l'ultimo aggiornamento o una data/recenza visibile quando disponibile.,F,Classe dichiarata,2026-09-05
90,90,Idealista,Affitto,Porta Romana,Via Lodovico Muratori 10,Bilocale,1590,78,,20.384615384615383,2,N/D,3,Buono,Standard,No,N/D,N/D,N/D,N/D,N/D,N/D,N/D,2026-09-05,Recenza <24h,6 ore,2026-09-05,Scheda lista / recenza,Prima pubblicazione non esposta pubblicamente: mantenuta N/D; si conserva l'ultimo aggiornamento o una data/recenza visibile quando disponibile.,N/D,Annuncio non identificato con certezza,2026-09-05
91,91,Idealista,Affitto,Isola,Via Carlo Farini 80,Monolocale,1100,42,,26.19047619047619,1,N/D,3,Buono,Standard,Sì,N/D,N/D,N/D,N/D,N/D,N/D,N/D,2026-09-05,Recenza <24h,3 ore,2026-09-05,Scheda lista / recenza,Prima pubblicazione non esposta pubblicamente: mantenuta N/D; si conserva l'ultimo aggiornamento o una data/recenza visibile quando disponibile.,N/D,Classe non leggibile nel testo disponibile,2026-09-05
92,92,Idealista,Affitto,Isola,Via Filippo Sassetti 17,Monolocale,900,35,,25.714285714285715,1,N/D,R,Buono,Standard,Sì,N/D,N/D,Sì,N/D,N/D,N/D,N/D,N/D,N/D,N/D,2026-09-05,Scheda lista / recenza,Prima pubblicazione non esposta pubblicamente: mantenuta N/D; si conserva l'ultimo aggiornamento o una data/recenza visibile quando disponibile.,G,Classe dichiarata,2026-09-05
93,93,Idealista,Affitto,Isola,Via Ugo Bassi s.n.c.,Bilocale,950,40,,23.75,2,N/D,2,Buono,Standard,Sì,N/D,N/D,Sì,N/D,N/D,N/D,N/D,2026-09-05,Recenza <24h,3 ore,2026-09-05,Scheda lista / recenza,Prima pubblicazione non esposta pubblicamente: mantenuta N/D; si conserva l'ultimo aggiornamento o una data/recenza visibile quando disponibile.,N/D,Classe non leggibile nel testo disponibile,2026-09-05
94,94,Idealista,Affitto,Isola,Via Alserio 1,Quadrilocale,3100,90,,34.44444444444444,4,N/D,2,Ottimo,Standard,N/D,N/D,Sì,Solo cucina,N/D,N/D,N/D,N/D,N/D,N/D,N/D,2026-09-05,Scheda lista / recenza,Prima pubblicazione non esposta pubblicamente: mantenuta N/D; si conserva l'ultimo aggiornamento o una data/recenza visibile quando disponibile.,N/D,Classe non leggibile nel testo disponibile,2026-09-05
95,95,Idealista,Affitto,Isola,Via Paolo Bassi 20,Monolocale,1000,28,,35.714285714285715,1,N/D,2,Buono,Standard,Sì,N/D,N/D,N/D,N/D,N/D,N/D,N/D,2026-09-05,Recenza <24h,3 ore,2026-09-05,Scheda lista / recenza,Prima pubblicazione non esposta pubblicamente: mantenuta N/D; si conserva l'ultimo aggiornamento o una data/recenza visibile quando disponibile.,N/D,Annuncio non identificato con certezza,2026-09-05
96,96,Idealista,Affitto,Isola,Via Carlo Farini 81,Bilocale,1200,42,,28.571428571428573,2,N/D,4,Buono,Standard,Sì,N/D,N/D,N/D,N/D,N/D,N/D,N/D,N/D,N/D,N/D,2026-09-05,Scheda lista / recenza,Prima pubblicazione non esposta pubblicamente: mantenuta N/D; si conserva l'ultimo aggiornamento o una data/recenza visibile quando disponibile.,C,Classe dichiarata,2026-09-05
97,97,Idealista,Affitto,Isola,Via Pastrengo 12,Bilocale,860,41,,20.975609756097562,2,N/D,3,Buono,Standard,No,N/D,N/D,Sì,N/D,N/D,N/D,N/D,2026-09-05,Recenza <24h,6 ore,2026-09-05,Scheda lista / recenza,Prima pubblicazione non esposta pubblicamente: mantenuta N/D; si conserva l'ultimo aggiornamento o una data/recenza visibile quando disponibile.,N/D,Classe non dichiarata nel testo consultato,2026-09-05
98,98,Idealista,Affitto,Isola,Via Ippolito Rosellini 26,Bilocale,1250,50,,25,2,N/D,1,Ottimo / recente,Standard,Sì,N/D,N/D,Sì,N/D,N/D,N/D,N/D,2026-09-05,Recenza <24h,7 ore,2026-09-05,Scheda lista / recenza,Prima pubblicazione non esposta pubblicamente: mantenuta N/D; si conserva l'ultimo aggiornamento o una data/recenza visibile quando disponibile.,N/D,Annuncio non identificato con certezza,2026-09-05
99,99,Idealista,Affitto,Isola,Via Federico Confalonieri s.n.c.,Quadrilocale,5420,150,,36.13333333333333,4,N/D,2,Ottimo / lusso,Lusso,Sì,N/D,Sì,Sì,N/D,N/D,N/D,N/D,N/D,N/D,N/D,2026-09-05,Scheda lista / recenza,Prima pubblicazione non esposta pubblicamente: mantenuta N/D; si conserva l'ultimo aggiornamento o una data/recenza visibile quando disponibile.,N/D,Annuncio non identificato con certezza,2026-09-05
100,100,Idealista,Affitto,Isola,Via Valtellina 16,Bilocale,1950,73,,26.71232876712329,2,N/D,7,Ottimo,Standard,Sì,N/D,N/D,Sì,N/D,N/D,N/D,N/D,N/D,N/D,N/D,2026-09-05,Scheda lista / recenza,Prima pubblicazione non esposta pubblicamente: mantenuta N/D; si conserva l'ultimo aggiornamento o una data/recenza visibile quando disponibile.,N/D,Classe non leggibile nel testo disponibile,2026-09-05
101,1,Immobiliare.it,Vendita,Isola,Via Alserio 10,Bilocale,680000,65,10461.538461538461,,2,1,3,Ottimo / recente,Lusso,Sì,No,Sì,Solo cucina,No,N/D,N/D,2026-07-30,N/D,Ultimo aggiornamento esposto,N/D,2026-09-05,Dettaglio annuncio,Prima pubblicazione non esposta pubblicamente: mantenuta N/D; si conserva l'ultimo aggiornamento o una data/recenza visibile quando disponibile.,A1,Classe dichiarata,2026-09-05
102,2,Immobiliare.it,Vendita,Isola,Via Cola Montano 6,Bilocale,375000,65,5769.2307692307695,,2,1,2,Buono,Standard,Sì,Sì,No,No,Sì,N/D,N/D,2026-07-23,N/D,Ultimo aggiornamento esposto,N/D,2026-09-05,Dettaglio annuncio,Prima pubblicazione non esposta pubblicamente: mantenuta N/D; si conserva l'ultimo aggiornamento o una data/recenza visibile quando disponibile.,E,Classe dichiarata,2026-09-05
103,3,Immobiliare.it,Vendita,Isola,Isola (indirizzo non indicato),Monolocale,280000,48,5833.333333333333,,1,1,1,Nuovo,Standard,Sì,No,No,Parzialmente,Sì,N/D,N/D,2026-08-24,N/D,Ultimo aggiornamento esposto,N/D,2026-09-05,Dettaglio annuncio,Prima pubblicazione non esposta pubblicamente: mantenuta N/D; si conserva l'ultimo aggiornamento o una data/recenza visibile quando disponibile.,C,Classe dichiarata,2026-09-05
104,4,Immobiliare.it,Vendita,Isola,Via Pastrengo 4,Monolocale,260000,25,10400,,1,1,4,Ristrutturato a nuovo,Lusso,No,No,No,Sì,No,N/D,N/D,2026-08-01,N/D,Ultimo aggiornamento esposto,N/D,2026-09-05,Dettaglio annuncio,Prima pubblicazione non esposta pubblicamente: mantenuta N/D; si conserva l'ultimo aggiornamento o una data/recenza visibile quando disponibile.,G,Classe dichiarata,2026-09-05
105,5,Immobiliare.it,Vendita,Brera,Via dell'Annunciata,Bilocale,1600000,90,17777.777777777777,,2,1,1,Ottimo / ristrutturato,Lusso,Sì,No,No,Sì,Sì,N/D,N/D,2026-07-20,N/D,Ultimo aggiornamento esposto,N/D,2026-09-05,Dettaglio annuncio,Prima pubblicazione non esposta pubblicamente: mantenuta N/D; si conserva l'ultimo aggiornamento o una data/recenza visibile quando disponibile.,F,Classe dichiarata,2026-09-05
106,6,Immobiliare.it,Vendita,Brera,Via Pontaccio,Trilocale,670000,30,22333.333333333332,,3,1,2,Ottimo / design,Lusso,Sì,No,No,Sì,No,N/D,N/D,2026-07-28,N/D,Ultimo aggiornamento esposto,N/D,2026-09-05,Dettaglio annuncio,Prima pubblicazione non esposta pubblicamente: mantenuta N/D; si conserva l'ultimo aggiornamento o una data/recenza visibile quando disponibile.,D,Classe dichiarata,2026-09-05
107,7,Immobiliare.it,Vendita,Brera,Via Fatebenefratelli,Appartamento,2990000,250,11960,,5,2,2,Da ristrutturare / personalizzare,Lusso,Sì,Sì,No,No,Sì,N/D,N/D,2026-08-28,N/D,Ultimo aggiornamento esposto,N/D,2026-09-05,Dettaglio annuncio,Prima pubblicazione non esposta pubblicamente: mantenuta N/D; si conserva l'ultimo aggiornamento o una data/recenza visibile quando disponibile.,E,Classe dichiarata,2026-09-05
108,8,Immobiliare.it,Vendita,Brera,Via Ponte Vetero 10,Appartamento,2600000,164,15853.658536585366,,5,2,2,Da ristrutturare / personalizzare,Lusso,Sì,Sì,Sì,Parzialmente,Sì,N/D,N/D,2026-06-29,N/D,Ultimo aggiornamento esposto,N/D,2026-09-05,Dettaglio annuncio,Prima pubblicazione non esposta pubblicamente: mantenuta N/D; si conserva l'ultimo aggiornamento o una data/recenza visibile quando disponibile.,G,Classe dichiarata,2026-09-05
109,9,Immobiliare.it,Vendita,Navigli - Darsena,Via Magolfa 5,Trilocale,665000,100,6650,,3,2,T,Ottimo / ristrutturato,Standard,Sì,No,No,No,No,N/D,N/D,2026-06-16,N/D,Ultimo aggiornamento esposto,N/D,2026-09-05,Dettaglio annuncio,Prima pubblicazione non esposta pubblicamente: mantenuta N/D; si conserva l'ultimo aggiornamento o una data/recenza visibile quando disponibile.,A,Classe dichiarata,2026-09-05
110,10,Immobiliare.it,Vendita,Navigli - Darsena,Viale Gorizia 6,Trilocale,950000,135,7037.037037037037,,3,2,4,Buono,Lusso,Sì,Sì,Sì,No,Sì,N/D,N/D,2026-07-13,N/D,Ultimo aggiornamento esposto,N/D,2026-09-05,Dettaglio annuncio,Prima pubblicazione non esposta pubblicamente: mantenuta N/D; si conserva l'ultimo aggiornamento o una data/recenza visibile quando disponibile.,E,Classe dichiarata,2026-09-05
111,11,Immobiliare.it,Vendita,Navigli / Ascanio Sforza,Via Cardinale Ascanio Sforza 61,Bilocale,320000,48,6666.666666666667,,2,1,3,Da ristrutturare,Standard,Sì,Sì,No,Sì,Sì,N/D,N/D,2026-07-21,N/D,Ultimo aggiornamento esposto,N/D,2026-09-05,Dettaglio annuncio,Prima pubblicazione non esposta pubblicamente: mantenuta N/D; si conserva l'ultimo aggiornamento o una data/recenza visibile quando disponibile.,G,Classe dichiarata,2026-09-05
112,12,Immobiliare.it,Vendita,Navigli - Darsena,Alzaia Naviglio Pavese,Trilocale,580000,101,5742.574257425743,,3,1,7,Buono,Standard,Sì,Sì,No,Sì,No,N/D,N/D,2026-08-31,N/D,Ultimo aggiornamento esposto,N/D,2026-09-05,Dettaglio annuncio,Prima pubblicazione non esposta pubblicamente: mantenuta N/D; si conserva l'ultimo aggiornamento o una data/recenza visibile quando disponibile.,G,Classe dichiarata,2026-09-05
113,13,Immobiliare.it,Vendita,Porta Romana / Crocetta,Corso di Porta Romana 124,Bilocale,385000,48,8020.833333333333,,2,1,6,Ottimo,Standard,Sì,No,Sì,Sì,No,N/D,N/D,2026-06-01,N/D,Ultimo aggiornamento esposto,N/D,2026-09-05,Dettaglio annuncio,Prima pubblicazione non esposta pubblicamente: mantenuta N/D; si conserva l'ultimo aggiornamento o una data/recenza visibile quando disponibile.,C,Classe dichiarata,2026-09-05
114,14,Immobiliare.it,Vendita,Porta Romana / Crocetta,Corso di Porta Romana 107,Trilocale,675000,85,7941.176470588235,,3,1,2,Ottimo,Lusso,Sì,Sì,No,Sì,No,N/D,N/D,2026-08-26,N/D,Ultimo aggiornamento esposto,N/D,2026-09-05,Dettaglio annuncio,Prima pubblicazione non esposta pubblicamente: mantenuta N/D; si conserva l'ultimo aggiornamento o una data/recenza visibile quando disponibile.,G,Classe dichiarata,2026-09-05
115,15,Immobiliare.it,Vendita,Porta Romana - Medaglie d'Oro,Piazzale Medaglie d'Oro,Trilocale,480000,80,6000,,3,1,1,Da ristrutturare,Standard,Sì,No,No,No,No,N/D,N/D,2026-04-20,N/D,Ultimo aggiornamento esposto,N/D,2026-09-05,Dettaglio annuncio,Prima pubblicazione non esposta pubblicamente: mantenuta N/D; si conserva l'ultimo aggiornamento o una data/recenza visibile quando disponibile.,G,Classe dichiarata,2026-09-05
116,16,Immobiliare.it,Vendita,Porta Venezia,Via Lambro 7,Trilocale,850000,100,8500,,3,2,1,Ottimo / ristrutturato,Lusso,Sì,Sì,No,Sì,No,N/D,N/D,2026-06-17,N/D,Ultimo aggiornamento esposto,N/D,2026-09-05,Dettaglio annuncio,Prima pubblicazione non esposta pubblicamente: mantenuta N/D; si conserva l'ultimo aggiornamento o una data/recenza visibile quando disponibile.,C,Classe dichiarata,2026-09-05
117,17,Immobiliare.it,Vendita,Porta Venezia,Via Lambro 12,Quadrilocale,930000,110,8454.545454545454,,4,2,2,Buono,Lusso,Sì,Sì,No,Parzialmente,Sì,N/D,N/D,2026-07-13,N/D,Ultimo aggiornamento esposto,N/D,2026-09-05,Dettaglio annuncio,Prima pubblicazione non esposta pubblicamente: mantenuta N/D; si conserva l'ultimo aggiornamento o una data/recenza visibile quando disponibile.,B,Classe dichiarata,2026-09-05
118,18,Immobiliare.it,Vendita,Città Studi,Via San Benigno 4,Trilocale,419000,90,4655.555555555556,,3,1,5,Buono,Standard,Sì,Sì,No,No,No,N/D,N/D,2026-06-29,N/D,Ultimo aggiornamento esposto,N/D,2026-09-05,Dettaglio annuncio,Prima pubblicazione non esposta pubblicamente: mantenuta N/D; si conserva l'ultimo aggiornamento o una data/recenza visibile quando disponibile.,F,Classe dichiarata,2026-09-05
119,19,Immobiliare.it,Vendita,Città Studi,Via Aselli 22,Trilocale,540000,95,5684.210526315789,,3,1,3,Da ristrutturare / personalizzare,Standard,Sì,Sì,No,No,Sì,N/D,N/D,2026-07-15,N/D,Ultimo aggiornamento esposto,N/D,2026-09-05,Dettaglio annuncio,Prima pubblicazione non esposta pubblicamente: mantenuta N/D; si conserva l'ultimo aggiornamento o una data/recenza visibile quando disponibile.,N/D,In attesa di certificazione,2026-09-05
120,20,Immobiliare.it,Vendita,Città Studi,Via Giovanni Paisiello 6,Quadrilocale,1100000,136,8088.235294117647,,4,2,2,Nuovo,Lusso,Sì,Sì,No,No,Sì,N/D,N/D,2026-07-20,N/D,Ultimo aggiornamento esposto,N/D,2026-09-05,Dettaglio annuncio,Prima pubblicazione non esposta pubblicamente: mantenuta N/D; si conserva l'ultimo aggiornamento o una data/recenza visibile quando disponibile.,A,Classe dichiarata,2026-09-05
121,21,Immobiliare.it,Vendita,Città Studi,Via Garofalo 4,Trilocale,895000,140,6392.857142857143,,3,1,5,Buono,Lusso,Sì,Sì,No,No,Sì,N/D,N/D,2026-06-26,N/D,Ultimo aggiornamento esposto,N/D,2026-09-05,Dettaglio annuncio,Prima pubblicazione non esposta pubblicamente: mantenuta N/D; si conserva l'ultimo aggiornamento o una data/recenza visibile quando disponibile.,N/D,Fonte non accessibile,2026-09-05
122,22,Immobiliare.it,Vendita,Città Studi,Via Filippo Tajani 1,Trilocale,365000,67,5447.761194029851,,3,1,8,Buono,Standard,Sì,Sì,No,No,Sì,N/D,N/D,2026-05-09,N/D,Ultimo aggiornamento esposto,N/D,2026-09-05,Dettaglio annuncio,Prima pubblicazione non esposta pubblicamente: mantenuta N/D; si conserva l'ultimo aggiornamento o una data/recenza visibile quando disponibile.,E,Classe dichiarata,2026-09-05
123,23,Immobiliare.it,Vendita,Città Studi,Città Studi (indirizzo non indicato),Quadrilocale,379000,140,2707.1428571428573,,4,2,T,Ottimo,Standard,No,No,No,Sì,No,N/D,N/D,2026-03-04,N/D,Ultimo aggiornamento esposto,N/D,2026-09-05,Dettaglio annuncio,Prima pubblicazione non esposta pubblicamente: mantenuta N/D; si conserva l'ultimo aggiornamento o una data/recenza visibile quando disponibile.,F,Classe dichiarata,2026-09-05
124,24,Immobiliare.it,Vendita,Porta Nuova,Corso di Porta Nuova 52,Monolocale,409000,40,10225,,1,1,1,Ottimo,Lusso,Sì,No,No,Sì,No,N/D,N/D,2026-08-30,N/D,Ultimo aggiornamento esposto,N/D,2026-09-05,Dettaglio annuncio,Prima pubblicazione non esposta pubblicamente: mantenuta N/D; si conserva l'ultimo aggiornamento o una data/recenza visibile quando disponibile.,G,Classe dichiarata,2026-09-05
125,25,Immobiliare.it,Vendita,Porta Nuova,Porta Nuova (indirizzo non indicato),Trilocale,1090000,140,7785.714285714285,,3,2,3,Ottimo / ristrutturato,Lusso,Sì,Sì,No,Parzialmente,No,N/D,N/D,2026-06-29,N/D,Ultimo aggiornamento esposto,N/D,2026-09-05,Dettaglio annuncio,Prima pubblicazione non esposta pubblicamente: mantenuta N/D; si conserva l'ultimo aggiornamento o una data/recenza visibile quando disponibile.,N/D,Fonte non accessibile,2026-09-05
126,26,Immobiliare.it,Vendita,Porta Nuova,Corso di Porta Nuova 52,Monolocale,235000,20,11750,,1,1,5,Buono,Lusso,Sì,No,No,Sì,No,N/D,N/D,2026-07-20,N/D,Ultimo aggiornamento esposto,N/D,2026-09-05,Dettaglio annuncio,Prima pubblicazione non esposta pubblicamente: mantenuta N/D; si conserva l'ultimo aggiornamento o una data/recenza visibile quando disponibile.,G,Classe dichiarata,2026-09-05
127,27,Immobiliare.it,Vendita,Porta Nuova,Corso di Porta Nuova 52,Bilocale,585000,62,9435.483870967742,,2,1,6,Ottimo / ristrutturato,Lusso,Sì,No,No,Sì,No,N/D,N/D,2026-06-16,N/D,Ultimo aggiornamento esposto,N/D,2026-09-05,Dettaglio annuncio,Prima pubblicazione non esposta pubblicamente: mantenuta N/D; si conserva l'ultimo aggiornamento o una data/recenza visibile quando disponibile.,D,Classe dichiarata,2026-09-05
128,28,Immobiliare.it,Vendita,Turati / Porta Nuova,Corso di Porta Nuova,Trilocale,1200000,100,12000,,3,N/D,4,Ottimo / ristrutturato,Lusso,Sì,Sì,No,No,No,N/D,N/D,2026-02-10,N/D,Ultimo aggiornamento esposto,N/D,2026-09-05,Dettaglio annuncio,Prima pubblicazione non esposta pubblicamente: mantenuta N/D; si conserva l'ultimo aggiornamento o una data/recenza visibile quando disponibile.,G,Classe dichiarata,2026-09-05
129,29,Immobiliare.it,Vendita,Garibaldi / Porta Nuova,Via Melchiorre Gioia 1,Trilocale,795000,112,7098.214285714285,,3,2,3,Ottimo,Lusso,Sì,Sì,No,No,Sì,N/D,N/D,2026-02-23,N/D,Ultimo aggiornamento esposto,N/D,2026-09-05,Dettaglio annuncio,Prima pubblicazione non esposta pubblicamente: mantenuta N/D; si conserva l'ultimo aggiornamento o una data/recenza visibile quando disponibile.,E,Classe dichiarata,2026-09-05
130,30,Immobiliare.it,Vendita,Porta Nuova,Piazzale Principessa Clotilde 6,Monolocale,320000,45,7111.111111111111,,1,1,R,Buono,Standard,Sì,No,No,No,No,N/D,N/D,2026-07-14,N/D,Ultimo aggiornamento esposto,N/D,2026-09-05,Dettaglio annuncio,Prima pubblicazione non esposta pubblicamente: mantenuta N/D; si conserva l'ultimo aggiornamento o una data/recenza visibile quando disponibile.,F,Classe dichiarata,2026-09-05
131,31,Immobiliare.it,Vendita,Garibaldi - Corso Como,Piazza 25 Aprile 7,Trilocale,990000,91,10879.12087912088,,3,1,1,Ottimo,Lusso,Sì,No,No,Sì,No,N/D,N/D,2026-06-29,N/D,Ultimo aggiornamento esposto,N/D,2026-09-05,Dettaglio annuncio,Prima pubblicazione non esposta pubblicamente: mantenuta N/D; si conserva l'ultimo aggiornamento o una data/recenza visibile quando disponibile.,G,Classe dichiarata,2026-09-05
132,32,Immobiliare.it,Vendita,Porta Nuova,Piazza della Repubblica,Trilocale,1600000,140,11428.57142857143,,3,2,2,Ottimo,Lusso,Sì,Sì,No,Sì,No,N/D,N/D,2026-05-28,N/D,Ultimo aggiornamento esposto,N/D,2026-09-05,Dettaglio annuncio,Prima pubblicazione non esposta pubblicamente: mantenuta N/D; si conserva l'ultimo aggiornamento o una data/recenza visibile quando disponibile.,C,Classe dichiarata,2026-09-05
133,33,Immobiliare.it,Vendita,De Angeli,Via Antonio Tolomeo Trivulzio 3,Bilocale,355000,58,6120.689655172414,,2,1,R,Ottimo,Standard,Sì,No,No,Sì,No,N/D,N/D,2026-08-22,N/D,Ultimo aggiornamento esposto,N/D,2026-09-05,Dettaglio annuncio,Prima pubblicazione non esposta pubblicamente: mantenuta N/D; si conserva l'ultimo aggiornamento o una data/recenza visibile quando disponibile.,D,Classe dichiarata,2026-09-05
134,34,Immobiliare.it,Vendita,Famagosta,Via Moncucco 24,Trilocale,586000,103,5689.320388349514,,3,2,3,Ottimo,Standard,Sì,Sì,Sì,No,Sì,N/D,N/D,2026-06-15,N/D,Ultimo aggiornamento esposto,N/D,2026-09-05,Dettaglio annuncio,Prima pubblicazione non esposta pubblicamente: mantenuta N/D; si conserva l'ultimo aggiornamento o una data/recenza visibile quando disponibile.,N/D,Fonte non accessibile,2026-09-05
135,35,Immobiliare.it,Vendita,Bicocca,Viale dell'Innovazione 13,Trilocale,640000,116,5517.241379310345,,3,2,4,Ottimo,Standard,Sì,Sì,No,No,Sì,N/D,N/D,2026-07-22,N/D,Ultimo aggiornamento esposto,N/D,2026-09-05,Dettaglio annuncio,Prima pubblicazione non esposta pubblicamente: mantenuta N/D; si conserva l'ultimo aggiornamento o una data/recenza visibile quando disponibile.,E,Classe dichiarata,2026-09-05
136,36,Immobiliare.it,Affitto,Città Studi,Viale Gran Sasso 7,Trilocale,1800,130,,13.846153846153847,3,1,1,Buono,Standard,Sì,Sì,No,Sì,No,N/D,N/D,2026-08-11,N/D,Ultimo aggiornamento esposto,N/D,2026-09-05,Dettaglio annuncio,Prima pubblicazione non esposta pubblicamente: mantenuta N/D; si conserva l'ultimo aggiornamento o una data/recenza visibile quando disponibile.,G,Classe dichiarata,2026-09-05
137,37,Immobiliare.it,Affitto,Porta Romana / Crocetta,Corso di Porta Romana 129,Bilocale,1800,92,,19.565217391304348,2,2,2-3,Ottimo,Standard,Sì,Sì,Sì,Sì,No,N/D,N/D,2026-08-27,N/D,Ultimo aggiornamento esposto,N/D,2026-09-05,Dettaglio annuncio,Prima pubblicazione non esposta pubblicamente: mantenuta N/D; si conserva l'ultimo aggiornamento o una data/recenza visibile quando disponibile.,E,Classe dichiarata,2026-09-05
138,38,Immobiliare.it,Affitto,Isola,Via Abbadesse 40,Bilocale,1200,40,,30,2,1,2,Ottimo / ristrutturato,Standard,Sì,No,No,Sì,No,N/D,N/D,2026-07-12,N/D,Ultimo aggiornamento esposto,N/D,2026-09-05,Dettaglio annuncio,Prima pubblicazione non esposta pubblicamente: mantenuta N/D; si conserva l'ultimo aggiornamento o una data/recenza visibile quando disponibile.,C,Classe dichiarata,2026-09-05
139,39,Immobiliare.it,Affitto,Città Studi,Largo Rio De Janeiro,Bilocale,1150,60,,19.166666666666668,2,1,3,Buono,Standard,Sì,Sì,No,Sì,No,N/D,N/D,2026-07-15,N/D,Ultimo aggiornamento esposto,N/D,2026-09-05,Dettaglio annuncio,Prima pubblicazione non esposta pubblicamente: mantenuta N/D; si conserva l'ultimo aggiornamento o una data/recenza visibile quando disponibile.,E,Classe dichiarata,2026-09-05
140,40,Immobiliare.it,Affitto,Città Studi,Via Privata Andrea Pellizzone,Quadrilocale,2700,105,,25.714285714285715,4,3,2,Nuovo / ristrutturato,Standard,Sì,Sì,No,Sì,No,N/D,N/D,2026-06-19,N/D,Ultimo aggiornamento esposto,N/D,2026-09-05,Dettaglio annuncio,Prima pubblicazione non esposta pubblicamente: mantenuta N/D; si conserva l'ultimo aggiornamento o una data/recenza visibile quando disponibile.,E,Classe dichiarata,2026-09-05
141,41,Immobiliare.it,Affitto,De Angeli,De Angeli (indirizzo non indicato),Bilocale,1100,60,,18.333333333333332,2,1,2,Ottimo,Standard,Sì,No,No,Sì,No,N/D,N/D,2026-07-13,N/D,Ultimo aggiornamento esposto,N/D,2026-09-05,Dettaglio annuncio,Prima pubblicazione non esposta pubblicamente: mantenuta N/D; si conserva l'ultimo aggiornamento o una data/recenza visibile quando disponibile.,F,Classe dichiarata,2026-09-05
142,42,Immobiliare.it,Affitto,Porta Romana / Crocetta,Corso di Porta Romana 131,Trilocale,2400,76,,31.57894736842105,3,1,3,Ottimo,Standard,Sì,No,No,Solo cucina,Sì,N/D,N/D,2026-07-03,N/D,Ultimo aggiornamento esposto,N/D,2026-09-05,Dettaglio annuncio,Prima pubblicazione non esposta pubblicamente: mantenuta N/D; si conserva l'ultimo aggiornamento o una data/recenza visibile quando disponibile.,D,Classe dichiarata,2026-09-05
143,43,Immobiliare.it,Affitto,Isola,Via Luigi Porro Lambertenghi,Monolocale,800,30,,26.666666666666668,1,1,T,Buono,Standard,No,No,No,Sì,No,N/D,N/D,2026-07-14,N/D,Ultimo aggiornamento esposto,N/D,2026-09-05,Dettaglio annuncio,Prima pubblicazione non esposta pubblicamente: mantenuta N/D; si conserva l'ultimo aggiornamento o una data/recenza visibile quando disponibile.,N/D,Fonte non accessibile,2026-09-05
144,44,Immobiliare.it,Affitto,Città Studi,Città Studi / Piola (indirizzo non indicato),Quadrilocale,1850,122,,15.163934426229508,4,1,6,Buono,Standard,Sì,Sì,No,No,No,N/D,N/D,2026-08-30,N/D,Ultimo aggiornamento esposto,N/D,2026-09-05,Dettaglio annuncio,Prima pubblicazione non esposta pubblicamente: mantenuta N/D; si conserva l'ultimo aggiornamento o una data/recenza visibile quando disponibile.,N/D,Esente,2026-09-05
145,45,Immobiliare.it,Affitto,Città Studi,Via Felice Poggi 7,Monolocale,750,20,,37.5,1,1,5,Ottimo,Standard,No,No,No,Sì,No,N/D,N/D,2026-07-25,N/D,Ultimo aggiornamento esposto,N/D,2026-09-05,Dettaglio annuncio,Prima pubblicazione non esposta pubblicamente: mantenuta N/D; si conserva l'ultimo aggiornamento o una data/recenza visibile quando disponibile.,D,Classe dichiarata,2026-09-05
146,46,Immobiliare.it,Affitto,Isola,Via Gaetano De Castillia 7,Bilocale,1700,57,,29.82456140350877,2,1,1,Ottimo,Standard,No,Sì,No,Sì,No,N/D,N/D,2026-07-25,N/D,Ultimo aggiornamento esposto,N/D,2026-09-05,Dettaglio annuncio,Prima pubblicazione non esposta pubblicamente: mantenuta N/D; si conserva l'ultimo aggiornamento o una data/recenza visibile quando disponibile.,N/D,Fonte non accessibile,2026-09-05
147,47,Immobiliare.it,Affitto,Isola,Via Confalonieri 9,Trilocale,1400,80,,17.5,3,1,1,Buono,Standard,No,No,No,Sì,No,N/D,N/D,2026-06-17,N/D,Ultimo aggiornamento esposto,N/D,2026-09-05,Dettaglio annuncio,Prima pubblicazione non esposta pubblicamente: mantenuta N/D; si conserva l'ultimo aggiornamento o una data/recenza visibile quando disponibile.,G,Classe dichiarata,2026-09-05
148,48,Immobiliare.it,Affitto,Porta Venezia,Via Paolo Frisi,Bilocale,1800,59,,30.508474576271187,2,1,1,Ottimo,Standard,No,No,No,Sì,No,N/D,N/D,2026-08-28,N/D,Ultimo aggiornamento esposto,N/D,2026-09-05,Dettaglio annuncio,Prima pubblicazione non esposta pubblicamente: mantenuta N/D; si conserva l'ultimo aggiornamento o una data/recenza visibile quando disponibile.,G,Classe dichiarata,2026-09-05
149,49,Immobiliare.it,Affitto,Porta Venezia,Via Rosolino Pilo 7,Monolocale,1030,25,,41.2,1,1,4,Buono,Standard,Sì,No,No,Sì,No,N/D,N/D,2026-09-02,N/D,Ultimo aggiornamento esposto,N/D,2026-09-05,Dettaglio annuncio,Prima pubblicazione non esposta pubblicamente: mantenuta N/D; si conserva l'ultimo aggiornamento o una data/recenza visibile quando disponibile.,G,Classe dichiarata,2026-09-05
150,50,Immobiliare.it,Affitto,Brera,Via Brera 30,Quadrilocale,3200,130,,24.615384615384617,4,2,4,Ottimo,Lusso,Sì,No,Sì,Parzialmente,No,N/D,N/D,2026-08-28,N/D,Ultimo aggiornamento esposto,N/D,2026-09-05,Dettaglio annuncio,Prima pubblicazione non esposta pubblicamente: mantenuta N/D; si conserva l'ultimo aggiornamento o una data/recenza visibile quando disponibile.,F,Classe dichiarata,2026-09-05
151,51,Immobiliare.it,Vendita,Brera,Via dei Giardini,Bilocale,1600000,100,16000,,2,1,1,Ristrutturato,Lusso,Sì,No,No,Sì,N/D,N/D,N/D,2026-06-11,N/D,Ultimo aggiornamento esposto,N/D,2026-09-05,Dettaglio annuncio / descrizione,Prima pubblicazione non esposta pubblicamente: mantenuta N/D; si conserva l'ultimo aggiornamento o una data/recenza visibile quando disponibile.,D,Classe dichiarata,2026-09-05
152,52,Immobiliare.it,Vendita,Brera,Brera (indirizzo non indicato),Trilocale,1250000,100,12500,,3,2,6,Ristrutturato,Lusso,Sì,N/D,N/D,Parzialmente,Sì,N/D,N/D,2026-07-03,N/D,Ultimo aggiornamento esposto,N/D,2026-09-05,Dettaglio annuncio / descrizione,Prima pubblicazione non esposta pubblicamente: mantenuta N/D; si conserva l'ultimo aggiornamento o una data/recenza visibile quando disponibile.,N/D,Annuncio non identificato con certezza,2026-09-05
153,53,Immobiliare.it,Vendita,Brera,Via Fiori Chiari,Loft / Trilocale,950000,100,9500,,3,1,T,Ristrutturato,Lusso,Sì,No,No,Sì,N/D,N/D,N/D,2026-08-10,N/D,Ultimo aggiornamento esposto,N/D,2026-09-05,Dettaglio annuncio / descrizione,Prima pubblicazione non esposta pubblicamente: mantenuta N/D; si conserva l'ultimo aggiornamento o una data/recenza visibile quando disponibile.,E,Classe dichiarata,2026-09-05
154,54,Immobiliare.it,Vendita,Brera,Piazza San Marco,Mansarda / Bilocale,995000,127,7834.645669291339,,2,1,5,Buono / raffinato,Lusso,Sì,No,No,Sì,N/D,N/D,N/D,2026-07-21,N/D,Ultimo aggiornamento esposto,N/D,2026-09-05,Dettaglio annuncio / descrizione,Prima pubblicazione non esposta pubblicamente: mantenuta N/D; si conserva l'ultimo aggiornamento o una data/recenza visibile quando disponibile.,N/D,Annuncio non identificato con certezza,2026-09-05
155,55,Immobiliare.it,Vendita,Brera,Scala - Manzoni (indirizzo non indicato),Bilocale,1400000,95,14736.842105263158,,2,2,T,Ristrutturato,Lusso,Sì,N/D,N/D,Parzialmente,N/D,N/D,N/D,2026-07-27,N/D,Ultimo aggiornamento esposto,N/D,2026-09-05,Dettaglio annuncio / descrizione,Prima pubblicazione non esposta pubblicamente: mantenuta N/D; si conserva l'ultimo aggiornamento o una data/recenza visibile quando disponibile.,N/D,Annuncio non identificato con certezza,2026-09-05
156,56,Immobiliare.it,Vendita,Brera,Via del Lauro 10,Bilocale,1400000,95,14736.842105263158,,2,2,T,Ristrutturato,Lusso,N/D,N/D,N/D,Parzialmente,N/D,N/D,N/D,2026-07-01,N/D,Ultimo aggiornamento esposto,N/D,2026-09-05,Dettaglio annuncio / descrizione,Prima pubblicazione non esposta pubblicamente: mantenuta N/D; si conserva l'ultimo aggiornamento o una data/recenza visibile quando disponibile.,E,Classe dichiarata,2026-09-05
157,57,Immobiliare.it,Vendita,Brera,Via Brera,Attico,3350000,290,11551.724137931034,,5,3,6,Ottimo / lusso,Lusso,Sì,Sì,Sì,Sì,N/D,N/D,N/D,2024-04-16,N/D,Ultimo aggiornamento esposto,N/D,2026-09-05,Dettaglio annuncio / descrizione,Prima pubblicazione non esposta pubblicamente: mantenuta N/D; si conserva l'ultimo aggiornamento o una data/recenza visibile quando disponibile.,C,Classe dichiarata,2026-09-05
158,58,Immobiliare.it,Vendita,Brera,Via Solferino 3,Appartamento,3500000,242,14462.809917355371,,5,3,T,Ristrutturato,Lusso,No,N/D,N/D,Sì,N/D,N/D,N/D,2026-05-14,N/D,Ultimo aggiornamento esposto,N/D,2026-09-05,Dettaglio annuncio / descrizione,Prima pubblicazione non esposta pubblicamente: mantenuta N/D; si conserva l'ultimo aggiornamento o una data/recenza visibile quando disponibile.,A1,Classe dichiarata,2026-09-05
159,59,Immobiliare.it,Vendita,Brera,Via Fiori Chiari 21,Attico,2950000,205,14390.243902439024,,4,2,5,Ottimo / lusso,Lusso,Sì,Sì,Sì,Parzialmente,Sì,N/D,N/D,2026-06-11,N/D,Ultimo aggiornamento esposto,N/D,2026-09-05,Dettaglio annuncio / descrizione,Prima pubblicazione non esposta pubblicamente: mantenuta N/D; si conserva l'ultimo aggiornamento o una data/recenza visibile quando disponibile.,D,Classe dichiarata,2026-09-05
160,60,Immobiliare.it,Vendita,Brera,Via San Carpoforo 6,Monolocale,380000,21,18095.238095238095,,1,1,T,Buono / ristrutturato,Standard,Sì,No,No,N/D,N/D,N/D,N/D,2026-06-16,N/D,Ultimo aggiornamento esposto,N/D,2026-09-05,Dettaglio annuncio / descrizione,Prima pubblicazione non esposta pubblicamente: mantenuta N/D; si conserva l'ultimo aggiornamento o una data/recenza visibile quando disponibile.,E,Classe dichiarata,2026-09-05
161,61,Immobiliare.it,Vendita,Brera,Via Fiori Chiari,Trilocale,2500000,154,16233.766233766233,,3,2,2,Buono,Lusso,Sì,Sì,No,N/D,Sì,N/D,N/D,2026-05-20,N/D,Ultimo aggiornamento esposto,N/D,2026-09-05,Dettaglio annuncio / descrizione,Prima pubblicazione non esposta pubblicamente: mantenuta N/D; si conserva l'ultimo aggiornamento o una data/recenza visibile quando disponibile.,F,Classe dichiarata,2026-09-05
162,62,Immobiliare.it,Vendita,Brera,Via San Carpoforo 5,Trilocale,1150000,76,15131.578947368422,,3,1,2,Ristrutturato,Lusso,Sì,No,No,Sì,N/D,N/D,N/D,2026-06-15,N/D,Ultimo aggiornamento esposto,N/D,2026-09-05,Dettaglio annuncio / descrizione,Prima pubblicazione non esposta pubblicamente: mantenuta N/D; si conserva l'ultimo aggiornamento o una data/recenza visibile quando disponibile.,N/D,Classe non dichiarata nel testo consultato,2026-09-05
163,63,Immobiliare.it,Vendita,Isola,Viale Nazario Sauro 14,Trilocale,545000,100,5450,,3,2,3,Ottimo,Standard,Sì,Sì,No,Parzialmente,N/D,Sì,N/D,N/D,N/D,N/D,N/D,2026-09-05,Dettaglio annuncio / descrizione,Prima pubblicazione non esposta pubblicamente: mantenuta N/D; si conserva l'ultimo aggiornamento o una data/recenza visibile quando disponibile.,E,Classe dichiarata,2026-09-05
164,64,Immobiliare.it,Vendita,Isola,Viale Nazario Sauro 5,Trilocale,385000,79,4873.4177215189875,,3,1,R,Buono,Standard,No,No,No,No,N/D,N/D,N/D,N/D,N/D,N/D,N/D,2026-09-05,Dettaglio annuncio / descrizione,Prima pubblicazione non esposta pubblicamente: mantenuta N/D; si conserva l'ultimo aggiornamento o una data/recenza visibile quando disponibile.,F,Classe dichiarata,2026-09-05
165,65,Immobiliare.it,Vendita,Isola,Via Ugo Bassi,Trilocale,650000,95,6842.105263157895,,3,1,2,Ottimo,Standard,Sì,Sì,No,N/D,Sì,N/D,N/D,2026-07-09,N/D,Ultimo aggiornamento esposto,N/D,2026-09-05,Dettaglio annuncio / descrizione,Prima pubblicazione non esposta pubblicamente: mantenuta N/D; si conserva l'ultimo aggiornamento o una data/recenza visibile quando disponibile.,N/D,Esente,2026-09-05
166,66,Immobiliare.it,Vendita,Isola,Via Timavo 12,Trilocale,1230000,120,10250,,3,2,4,Nuovo,Lusso,Sì,No,Sì,Sì,N/D,Sì,N/D,N/D,N/D,N/D,N/D,2026-09-05,Dettaglio annuncio / descrizione,Prima pubblicazione non esposta pubblicamente: mantenuta N/D; si conserva l'ultimo aggiornamento o una data/recenza visibile quando disponibile.,A3,Classe dichiarata,2026-09-05
167,67,Immobiliare.it,Vendita,Isola,Via Luigi Porro Lambertenghi 25,Trilocale,820000,122,6721.311475409836,,3,1,2,Da ristrutturare,Standard,Sì,No,No,No,Sì,N/D,N/D,2026-07-31,N/D,Ultimo aggiornamento esposto,N/D,2026-09-05,Dettaglio annuncio / descrizione,Prima pubblicazione non esposta pubblicamente: mantenuta N/D; si conserva l'ultimo aggiornamento o una data/recenza visibile quando disponibile.,G,Classe dichiarata,2026-09-05
168,68,Immobiliare.it,Vendita,Isola,Via Volturno 33,Trilocale,1490000,110,13545.454545454546,,3,N/D,3,Ottimo / recente,Lusso,N/D,N/D,Sì,N/D,N/D,Sì,N/D,N/D,N/D,N/D,N/D,2026-09-05,Dettaglio annuncio / descrizione,Prima pubblicazione non esposta pubblicamente: mantenuta N/D; si conserva l'ultimo aggiornamento o una data/recenza visibile quando disponibile.,N/D,Annuncio non identificato con certezza,2026-09-05
169,69,Immobiliare.it,Vendita,Isola,Via Garigliano 8,Trilocale,470000,80,5875,,3,1,1,Buono,Standard,N/D,N/D,N/D,N/D,Sì,N/D,N/D,2026-09-02,N/D,Ultimo aggiornamento esposto,N/D,2026-09-05,Dettaglio annuncio / descrizione,Prima pubblicazione non esposta pubblicamente: mantenuta N/D; si conserva l'ultimo aggiornamento o una data/recenza visibile quando disponibile.,E,Classe dichiarata,2026-09-05
170,70,Immobiliare.it,Vendita,Isola,Via Ippolito Rosellini 27,Bilocale,525000,60,8750,,2,1,4,Nuovo / recente,Standard,Sì,No,Sì,Sì,Sì,N/D,N/D,2026-09-01,N/D,Ultimo aggiornamento esposto,N/D,2026-09-05,Dettaglio annuncio / descrizione,Prima pubblicazione non esposta pubblicamente: mantenuta N/D; si conserva l'ultimo aggiornamento o una data/recenza visibile quando disponibile.,A4,Classe dichiarata,2026-09-05
171,71,Immobiliare.it,Vendita,Isola,Via Ippolito Rosellini 26,Quadrilocale,1890000,206,9174.757281553399,,4,3,6,Ottimo / lusso,Lusso,Sì,Sì,Sì,Parzialmente,N/D,Sì,N/D,N/D,N/D,N/D,N/D,2026-09-05,Dettaglio annuncio / descrizione,Prima pubblicazione non esposta pubblicamente: mantenuta N/D; si conserva l'ultimo aggiornamento o una data/recenza visibile quando disponibile.,D,Classe dichiarata,2026-09-05
172,72,Immobiliare.it,Vendita,Isola,Piazzale Segrino 1,Trilocale,530000,100,5300,,3,1,1,Ristrutturato,Standard,Sì,No,No,No,N/D,N/D,N/D,N/D,N/D,N/D,N/D,2026-09-05,Dettaglio annuncio / descrizione,Prima pubblicazione non esposta pubblicamente: mantenuta N/D; si conserva l'ultimo aggiornamento o una data/recenza visibile quando disponibile.,N/D,In attesa di certificazione,2026-09-05
173,73,Immobiliare.it,Vendita,Porta Romana,Viale Monte Nero 29,Monolocale,225000,25,9000,,1,1,1,Ottimo,Standard,Sì,Sì,No,Sì,N/D,N/D,N/D,2026-07-27,N/D,Ultimo aggiornamento esposto,N/D,2026-09-05,Dettaglio annuncio / descrizione,Prima pubblicazione non esposta pubblicamente: mantenuta N/D; si conserva l'ultimo aggiornamento o una data/recenza visibile quando disponibile.,D,Classe dichiarata,2026-09-05
174,74,Immobiliare.it,Vendita,Porta Romana,Via Gerolamo Tiraboschi 6,Bilocale,540000,70,7714.285714285715,,2,1,2,Ottimo,Standard,Sì,Sì,No,Parzialmente,N/D,N/D,N/D,2026-08-31,N/D,Ultimo aggiornamento esposto,N/D,2026-09-05,Dettaglio annuncio / descrizione,Prima pubblicazione non esposta pubblicamente: mantenuta N/D; si conserva l'ultimo aggiornamento o una data/recenza visibile quando disponibile.,F,Classe dichiarata,2026-09-05
175,75,Immobiliare.it,Vendita,Porta Romana,Via Giorgio Vasari 19,Bilocale,430000,49,8775.510204081633,,2,1,1,Nuovo,Standard,Sì,No,No,Parzialmente,Sì,N/D,N/D,2026-07-28,N/D,Ultimo aggiornamento esposto,N/D,2026-09-05,Dettaglio annuncio / descrizione,Prima pubblicazione non esposta pubblicamente: mantenuta N/D; si conserva l'ultimo aggiornamento o una data/recenza visibile quando disponibile.,A4,Classe dichiarata,2026-09-05
176,76,Immobiliare.it,Vendita,Porta Romana,Via Lodovico Muratori 13,Attico,2190000,190,11526.315789473685,,5+,3+,6-7,Ottimo / lusso,Lusso,N/D,Sì,Sì,Sì,Sì,Sì,N/D,2026-09-01,N/D,Ultimo aggiornamento esposto,N/D,2026-09-05,Dettaglio annuncio / descrizione,Prima pubblicazione non esposta pubblicamente: mantenuta N/D; si conserva l'ultimo aggiornamento o una data/recenza visibile quando disponibile.,A,Classe dichiarata,2026-09-05
177,77,Immobiliare.it,Vendita,Porta Romana,Viale Monte Nero 8,Bilocale,388000,49,7918.367346938776,,2,1,6,Ristrutturato,Standard,Sì,No,No,Sì,Sì,N/D,N/D,2026-09-02,N/D,Ultimo aggiornamento esposto,N/D,2026-09-05,Dettaglio annuncio / descrizione,Prima pubblicazione non esposta pubblicamente: mantenuta N/D; si conserva l'ultimo aggiornamento o una data/recenza visibile quando disponibile.,E,Classe dichiarata,2026-09-05
178,78,Immobiliare.it,Vendita,Porta Romana,Viale Monte Nero 21,Bilocale,470000,60,7833.333333333333,,2,1,2,Buono / abitabile,Lusso,Sì,No,No,Parzialmente,Sì,N/D,N/D,2026-08-24,N/D,Ultimo aggiornamento esposto,N/D,2026-09-05,Dettaglio annuncio / descrizione,Prima pubblicazione non esposta pubblicamente: mantenuta N/D; si conserva l'ultimo aggiornamento o una data/recenza visibile quando disponibile.,N/D,Classe non dichiarata nel testo consultato,2026-09-05
179,79,Immobiliare.it,Vendita,Porta Romana,Viale Isonzo 8,Bilocale,395000,55,7181.818181818182,,2,1,6,Ristrutturato,Standard,Sì,Sì,No,Sì,N/D,N/D,N/D,2026-09-01,N/D,Ultimo aggiornamento esposto,N/D,2026-09-05,Dettaglio annuncio / descrizione,Prima pubblicazione non esposta pubblicamente: mantenuta N/D; si conserva l'ultimo aggiornamento o una data/recenza visibile quando disponibile.,D,Classe dichiarata,2026-09-05
180,80,Immobiliare.it,Vendita,Porta Romana,Via Mantova 17,Bilocale,405000,55,7363.636363636364,,2,1,Ultimo,Ottimo,Standard,No,N/D,N/D,N/D,N/D,N/D,N/D,N/D,N/D,N/D,N/D,2026-09-05,Dettaglio annuncio / descrizione,Prima pubblicazione non esposta pubblicamente: mantenuta N/D; si conserva l'ultimo aggiornamento o una data/recenza visibile quando disponibile.,F,Classe dichiarata,2026-09-05
181,81,Immobiliare.it,Vendita,Porta Romana,Via Lazzaro Papi 10,Bilocale,589000,102,5774.509803921569,,2,1,1,Buono,Standard,N/D,N/D,Sì,N/D,N/D,N/D,N/D,N/D,N/D,N/D,N/D,2026-09-05,Dettaglio annuncio / descrizione,Prima pubblicazione non esposta pubblicamente: mantenuta N/D; si conserva l'ultimo aggiornamento o una data/recenza visibile quando disponibile.,N/D,Classe non leggibile nel testo disponibile,2026-09-05
182,82,Immobiliare.it,Vendita,Porta Romana,Viale Monte Nero,Bilocale,298000,45,6622.222222222223,,2,1,5,Da personalizzare,Standard,Sì,No,No,No,N/D,N/D,N/D,N/D,N/D,N/D,N/D,2026-09-05,Dettaglio annuncio / descrizione,Prima pubblicazione non esposta pubblicamente: mantenuta N/D; si conserva l'ultimo aggiornamento o una data/recenza visibile quando disponibile.,G,Classe dichiarata,2026-09-05
183,83,Immobiliare.it,Vendita,Porta Romana,Via Altaguardia 17,Loft,320000,45,7111.111111111111,,2,1,R,Nuovo / ristrutturato,Standard,Sì,No,No,Sì,Sì,N/D,N/D,2026-07-20,N/D,Ultimo aggiornamento esposto,N/D,2026-09-05,Dettaglio annuncio / descrizione,Prima pubblicazione non esposta pubblicamente: mantenuta N/D; si conserva l'ultimo aggiornamento o una data/recenza visibile quando disponibile.,C,Classe dichiarata,2026-09-05
184,84,Immobiliare.it,Vendita,Porta Romana,Via Gaetana Agnesi 2,Bilocale,450000,55,8181.818181818182,,2,1,2,Ottimo / ristrutturato,Lusso,Sì,Sì,No,Parzialmente,Sì,N/D,N/D,2026-06-24,N/D,Ultimo aggiornamento esposto,N/D,2026-09-05,Dettaglio annuncio / descrizione,Prima pubblicazione non esposta pubblicamente: mantenuta N/D; si conserva l'ultimo aggiornamento o una data/recenza visibile quando disponibile.,D,Classe dichiarata,2026-09-05
185,85,Immobiliare.it,Vendita,Porta Romana,Via Lodovico Muratori 54,Bilocale,353000,47,7510.63829787234,,2,1,7,Da personalizzare / piccola ristrutturazione,Standard,Sì,Sì,No,Parzialmente,N/D,N/D,N/D,2026-08-23,N/D,Ultimo aggiornamento esposto,N/D,2026-09-05,Dettaglio annuncio / descrizione,Prima pubblicazione non esposta pubblicamente: mantenuta N/D; si conserva l'ultimo aggiornamento o una data/recenza visibile quando disponibile.,N/D,Classe non dichiarata nel testo consultato,2026-09-05
186,86,Immobiliare.it,Affitto,Brera,Via Brera,Quadrilocale,7500,190,,39.473684210526315,4,3,1,Ristrutturato a nuovo,Lusso,Sì,No,No,Parzialmente,N/D,N/D,N/D,2026-06-22,N/D,Ultimo aggiornamento esposto,N/D,2026-09-05,Dettaglio annuncio / descrizione,Prima pubblicazione non esposta pubblicamente: mantenuta N/D; si conserva l'ultimo aggiornamento o una data/recenza visibile quando disponibile.,N/D,In attesa di certificazione,2026-09-05
187,87,Immobiliare.it,Affitto,Brera,Via Ciovasso 19,Bilocale,2900,65,,44.61538461538461,2,1,2,Ottimo,Lusso,No,No,No,Sì,N/D,N/D,N/D,2026-08-31,N/D,Ultimo aggiornamento esposto,N/D,2026-09-05,Dettaglio annuncio / descrizione,Prima pubblicazione non esposta pubblicamente: mantenuta N/D; si conserva l'ultimo aggiornamento o una data/recenza visibile quando disponibile.,D,Classe dichiarata,2026-09-05
188,88,Immobiliare.it,Affitto,Brera,Via Pontaccio 2,Bilocale,1800,51,,35.294117647058826,2,1,2,Ottimo,Standard,No,No,No,Sì,N/D,N/D,N/D,2026-08-08,N/D,Ultimo aggiornamento esposto,N/D,2026-09-05,Dettaglio annuncio / descrizione,Prima pubblicazione non esposta pubblicamente: mantenuta N/D; si conserva l'ultimo aggiornamento o una data/recenza visibile quando disponibile.,E,Classe dichiarata,2026-09-05
189,89,Immobiliare.it,Affitto,Brera,Piazza San Marco,Trilocale,2250,65,,34.61538461538461,3,2,3,Ristrutturato,Lusso,Sì,No,Sì,Parzialmente,N/D,Sì,N/D,2026-07-23,N/D,Ultimo aggiornamento esposto,N/D,2026-09-05,Dettaglio annuncio / descrizione,Prima pubblicazione non esposta pubblicamente: mantenuta N/D; si conserva l'ultimo aggiornamento o una data/recenza visibile quando disponibile.,G,Classe dichiarata,2026-09-05
190,90,Immobiliare.it,Affitto,Brera,Via Ponte Vetero,Bilocale,2500,50,,50,2,1,2,Ottimo,Lusso,No,No,No,Sì,N/D,N/D,N/D,2026-09-03,N/D,Ultimo aggiornamento esposto,N/D,2026-09-05,Dettaglio annuncio / descrizione,Prima pubblicazione non esposta pubblicamente: mantenuta N/D; si conserva l'ultimo aggiornamento o una data/recenza visibile quando disponibile.,G,Classe dichiarata,2026-09-05
191,91,Immobiliare.it,Affitto,Brera,Via Borgonuovo 27,Bilocale,3650,102,,35.78431372549019,2,2,4,Ottimo,Lusso,Sì,Sì,Sì,Solo cucina,Sì,N/D,N/D,2026-09-03,N/D,Ultimo aggiornamento esposto,N/D,2026-09-05,Dettaglio annuncio / descrizione,Prima pubblicazione non esposta pubblicamente: mantenuta N/D; si conserva l'ultimo aggiornamento o una data/recenza visibile quando disponibile.,G,Classe dichiarata,2026-09-05
192,92,Immobiliare.it,Affitto,Brera,Borgonuovo 19,Quadrilocale,6250,146,,42.80821917808219,4,2,3,Ristrutturato,Lusso,Sì,No,Sì,Sì,N/D,N/D,N/D,2026-07-23,N/D,Ultimo aggiornamento esposto,N/D,2026-09-05,Dettaglio annuncio / descrizione,Prima pubblicazione non esposta pubblicamente: mantenuta N/D; si conserva l'ultimo aggiornamento o una data/recenza visibile quando disponibile.,G,Classe dichiarata,2026-09-05
193,93,Immobiliare.it,Affitto,Brera,Via Borgonuovo,Bilocale,4000,112,,35.714285714285715,2,2,1,Ottimo / ristrutturato,Lusso,Sì,Sì,Sì,Sì,N/D,N/D,N/D,2025-12-09,N/D,Ultimo aggiornamento esposto,N/D,2026-09-05,Dettaglio annuncio / descrizione,Prima pubblicazione non esposta pubblicamente: mantenuta N/D; si conserva l'ultimo aggiornamento o una data/recenza visibile quando disponibile.,C,Classe dichiarata,2026-09-05
194,94,Immobiliare.it,Affitto,Porta Romana,Viale Isonzo 28,Trilocale,1300,68,,19.11764705882353,3,1,2,Buono,Standard,N/D,Sì,No,Sì,N/D,N/D,N/D,N/D,N/D,N/D,N/D,2026-09-05,Dettaglio annuncio / descrizione,Prima pubblicazione non esposta pubblicamente: mantenuta N/D; si conserva l'ultimo aggiornamento o una data/recenza visibile quando disponibile.,G,Classe dichiarata,2026-09-05
195,95,Immobiliare.it,Affitto,Porta Romana / Crocetta,Viale Angelo Filippetti 33,Trilocale,2000,104,,19.23076923076923,3,2,3,Buono,Standard,Sì,Sì,No,Sì,N/D,N/D,N/D,N/D,N/D,N/D,N/D,2026-09-05,Dettaglio annuncio / descrizione,Prima pubblicazione non esposta pubblicamente: mantenuta N/D; si conserva l'ultimo aggiornamento o una data/recenza visibile quando disponibile.,N/D,Annuncio non identificato con certezza,2026-09-05
196,96,Immobiliare.it,Affitto,Porta Romana / Montenero,Via Emilio Morosini 40,Quadrilocale,2500,131,,19.083969465648856,4,2,N/D,Ristrutturato,Standard,Sì,Sì,No,Sì,N/D,N/D,N/D,N/D,N/D,N/D,N/D,2026-09-05,Dettaglio annuncio / descrizione,Prima pubblicazione non esposta pubblicamente: mantenuta N/D; si conserva l'ultimo aggiornamento o una data/recenza visibile quando disponibile.,E,Classe dichiarata,2026-09-05
197,97,Immobiliare.it,Affitto,Porta Romana,Via Piacenza,Bilocale,1300,40,,32.5,2,1,3,Ristrutturato,Standard,N/D,Sì,No,N/D,N/D,N/D,N/D,N/D,N/D,N/D,N/D,2026-09-05,Dettaglio annuncio / descrizione,Prima pubblicazione non esposta pubblicamente: mantenuta N/D; si conserva l'ultimo aggiornamento o una data/recenza visibile quando disponibile.,F,Classe dichiarata,2026-09-05
198,98,Immobiliare.it,Affitto,Porta Romana / Cadore,Via Morosini 31,Bilocale,1600,91,,17.582417582417584,2,1,Ultimo,Buono,Standard,N/D,Sì,No,Sì,N/D,N/D,N/D,N/D,N/D,N/D,N/D,2026-09-05,Dettaglio annuncio / descrizione,Prima pubblicazione non esposta pubblicamente: mantenuta N/D; si conserva l'ultimo aggiornamento o una data/recenza visibile quando disponibile.,F,Classe dichiarata,2026-09-05
199,99,Immobiliare.it,Affitto,Porta Romana / Cadore,Piazzale Libia 20,Monolocale,850,39,,21.794871794871796,1,1,R,Ristrutturato,Standard,Sì,No,No,Sì,N/D,N/D,N/D,2026-07-21,N/D,Ultimo aggiornamento esposto,N/D,2026-09-05,Dettaglio annuncio / descrizione,Prima pubblicazione non esposta pubblicamente: mantenuta N/D; si conserva l'ultimo aggiornamento o una data/recenza visibile quando disponibile.,N/D,Classe non dichiarata nel testo consultato,2026-09-05
200,100,Immobiliare.it,Affitto,Porta Romana,Viale Monte Nero 22,Trilocale,1350,45,,30,3,1,5,Ottimo / ristrutturato,Standard,Sì,No,No,Sì,N/D,N/D,N/D,2026-06-25,N/D,Ultimo aggiornamento esposto,N/D,2026-09-05,Dettaglio annuncio / descrizione,Prima pubblicazione non esposta pubblicamente: mantenuta N/D; si conserva l'ultimo aggiornamento o una data/recenza visibile quando disponibile.,G,Classe dichiarata,2026-09-05
